user_id,top_contributors
1,"['workout_duration', 'active_energy', 'distance']"
2,"['active_energy', 'avg_hr', 'workout_duration']"
3,"['active_energy', 'workout_duration', 'avg_hr']"
4,"['avg_hr', 'active_energy', 'workout_duration']"
5,"['workout_duration', 'active_energy', 'resting_hr']"
6,"['workout_duration', 'active_energy', 'avg_hr']"
7,"['workout_duration', 'avg_hr', 'active_energy']"
8,"['exercise_time', 'workout_duration', 'active_energy']"
9,"['workout_duration', 'active_energy', 'avg_hr']"
10,"['active_energy', 'avg_hr', 'workout_duration']"
11,"['workout_duration', 'avg_hr', 'active_energy']"
12,"['workout_duration', 'active_energy', 'avg_hr']"
13,"['workout_duration', 'active_energy', 'distance']"
14,"['workout_duration', 'avg_hr', 'active_energy']"
15,"['workout_duration', 'avg_hr', 'active_energy']"
16,"['active_energy', 'avg_hr', 'resting_hr']"
17,"['active_energy', 'workout_duration', 'avg_hr']"
18,"['workout_duration', 'active_energy', 'steps']"
19,"['workout_duration', 'avg_hr', 'active_energy']"
20,"['workout_duration', 'active_energy', 'avg_hr']"
21,"['workout_duration', 'active_energy', 'avg_hr']"
22,"['active_energy', 'avg_hr', 'workout_duration']"
23,"['active_energy', 'workout_duration', 'avg_hr']"
24,"['workout_duration', 'active_energy', 'sleep_duration']"
25,"['workout_duration', 'avg_hr', 'active_energy']"
26,"['active_energy', 'workout_duration', 'avg_hr']"
27,"['active_energy', 'avg_hr', 'workout_duration']"
28,"['workout_duration', 'active_energy', 'sleep_duration']"
29,"['workout_duration', 'active_energy', 'avg_hr']"
30,"['workout_duration', 'active_energy', 'avg_hr']"
31,"['sleep_duration', 'active_energy', 'workout_duration']"
32,"['workout_duration', 'active_energy', 'exercise_time']"
33,"['active_energy', 'workout_duration', 'avg_hr']"
34,"['avg_hr', 'active_energy', 'workout_duration']"
35,"['workout_duration', 'active_energy', 'steps']"
36,"['workout_duration', 'active_energy', 'exercise_time']"
37,"['workout_duration', 'distance', 'steps']"
38,"['workout_duration', 'active_energy', 'avg_hr']"
39,"['avg_hr', 'active_energy', 'workout_duration']"
40,"['workout_duration', 'avg_hr', 'active_energy']"
41,"['active_energy', 'workout_duration', 'resting_hr']"
42,"['workout_duration', 'active_energy', 'avg_hr']"
43,"['workout_duration', 'active_energy', 'sleep_duration']"
44,"['active_energy', 'workout_duration', 'exercise_time']"
45,"['active_energy', 'workout_duration', 'avg_hr']"
46,"['active_energy', 'resting_hr', 'avg_hr']"
47,"['workout_duration', 'active_energy', 'distance']"
48,"['workout_duration', 'steps', 'active_energy']"
49,"['workout_duration', 'active_energy', 'exercise_time']"
50,"['active_energy', 'workout_duration', 'steps']"
51,"['workout_duration', 'active_energy', 'steps']"
52,"['workout_duration', 'active_energy', 'sleep_duration']"
53,"['workout_duration', 'active_energy', 'avg_hr']"
54,"['workout_duration', 'active_energy', 'avg_hr']"
55,"['workout_duration', 'active_energy', 'resting_hr']"
56,"['workout_duration', 'sleep_duration', 'active_energy']"
57,"['workout_duration', 'exercise_time', 'steps']"
58,"['avg_hr', 'active_energy', 'workout_duration']"
59,"['workout_duration', 'active_energy', 'distance']"
60,"['active_energy', 'avg_hr', 'workout_duration']"
61,"['workout_duration', 'avg_hr', 'active_energy']"
62,"['workout_duration', 'steps', 'active_energy']"
63,"['workout_duration', 'avg_hr', 'sleep_duration']"
64,"['active_energy', 'workout_duration', 'distance']"
65,"['active_energy', 'workout_duration', 'distance']"
66,"['workout_duration', 'active_energy', 'distance']"
67,"['workout_duration', 'active_energy', 'avg_hr']"
68,"['workout_duration', 'exercise_time', 'distance']"
69,"['workout_duration', 'active_energy', 'steps']"
70,"['workout_duration', 'active_energy', 'avg_hr']"
71,"['workout_duration', 'distance', 'avg_hr']"
72,"['active_energy', 'workout_duration', 'avg_hr']"
73,"['workout_duration', 'active_energy', 'avg_hr']"
74,"['workout_duration', 'active_energy', 'avg_hr']"
75,"['workout_duration', 'active_energy', 'resting_hr']"
76,"['workout_duration', 'distance', 'avg_hr']"
77,"['workout_duration', 'active_energy', 'resting_hr']"
78,"['workout_duration', 'active_energy', 'avg_hr']"
79,"['workout_duration', 'active_energy', 'resting_hr']"
80,"['workout_duration', 'avg_hr', 'exercise_time']"
81,"['workout_duration', 'exercise_time', 'resting_hr']"
82,"['workout_duration', 'active_energy', 'resting_hr']"
83,"['active_energy', 'workout_duration', 'resting_hr']"
84,"['workout_duration', 'active_energy', 'resting_hr']"
85,"['workout_duration', 'exercise_time', 'active_energy']"
86,"['workout_duration', 'active_energy', 'avg_hr']"
87,"['workout_duration', 'avg_hr', 'exercise_time']"
88,"['workout_duration', 'active_energy', 'avg_hr']"
89,"['workout_duration', 'avg_hr', 'active_energy']"
90,"['active_energy', 'avg_hr', 'exercise_time']"
91,"['workout_duration', 'resting_hr', 'active_energy']"
92,"['avg_hr', 'active_energy', 'workout_duration']"
93,"['workout_duration', 'active_energy', 'avg_hr']"
94,"['workout_duration', 'avg_hr', 'active_energy']"
95,"['workout_duration', 'active_energy', 'avg_hr']"
96,"['workout_duration', 'avg_hr', 'sleep_duration']"
97,"['workout_duration', 'avg_hr', 'active_energy']"
98,"['workout_duration', 'active_energy', 'avg_hr']"
99,"['workout_duration', 'avg_hr', 'active_energy']"
100,"['workout_duration', 'active_energy', 'exercise_time']"
101,"['avg_hr', 'workout_duration', 'active_energy']"
102,"['workout_duration', 'steps', 'sleep_duration']"
103,"['workout_duration', 'active_energy', 'avg_hr']"
104,"['active_energy', 'workout_duration', 'distance']"
105,"['workout_duration', 'active_energy', 'exercise_time']"
106,"['workout_duration', 'avg_hr', 'active_energy']"
107,"['workout_duration', 'steps', 'active_energy']"
108,"['workout_duration', 'avg_hr', 'active_energy']"
109,"['steps', 'workout_duration', 'resting_hr']"
110,"['workout_duration', 'active_energy', 'avg_hr']"
111,"['active_energy', 'workout_duration', 'exercise_time']"
112,"['workout_duration', 'sleep_duration', 'avg_hr']"
113,"['workout_duration', 'sleep_duration', 'active_energy']"
114,"['active_energy', 'workout_duration', 'avg_hr']"
115,"['workout_duration', 'active_energy', 'exercise_time']"
116,"['avg_hr', 'sleep_duration', 'workout_duration']"
117,"['workout_duration', 'sleep_duration', 'active_energy']"
118,"['workout_duration', 'active_energy', 'exercise_time']"
119,"['workout_duration', 'active_energy', 'avg_hr']"
120,"['active_energy', 'workout_duration', 'exercise_time']"
121,"['workout_duration', 'sleep_duration', 'avg_hr']"
122,"['workout_duration', 'active_energy', 'distance']"
123,"['active_energy', 'steps', 'avg_hr']"
124,"['workout_duration', 'active_energy', 'exercise_time']"
125,"['workout_duration', 'resting_hr', 'avg_hr']"
126,"['workout_duration', 'avg_hr', 'active_energy']"
127,"['active_energy', 'workout_duration', 'sleep_duration']"
128,"['workout_duration', 'active_energy', 'sleep_duration']"
129,"['active_energy', 'avg_hr', 'workout_duration']"
130,"['avg_hr', 'active_energy', 'workout_duration']"
131,"['workout_duration', 'active_energy', 'avg_hr']"
132,"['workout_duration', 'avg_hr', 'resting_hr']"
133,"['workout_duration', 'avg_hr', 'distance']"
134,"['workout_duration', 'active_energy', 'avg_hr']"
135,"['active_energy', 'exercise_time', 'avg_hr']"
136,"['workout_duration', 'resting_hr', 'avg_hr']"
137,"['workout_duration', 'active_energy', 'steps']"
138,"['active_energy', 'workout_duration', 'exercise_time']"
139,"['workout_duration', 'active_energy', 'distance']"
140,"['workout_duration', 'active_energy', 'avg_hr']"
141,"['workout_duration', 'active_energy', 'avg_hr']"
142,"['active_energy', 'workout_duration', 'exercise_time']"
143,"['workout_duration', 'resting_hr', 'active_energy']"
144,"['active_energy', 'sleep_duration', 'workout_duration']"
145,"['workout_duration', 'active_energy', 'avg_hr']"
146,"['workout_duration', 'exercise_time', 'steps']"
147,"['workout_duration', 'steps', 'sleep_duration']"
148,"['workout_duration', 'active_energy', 'sleep_duration']"
149,"['workout_duration', 'avg_hr', 'exercise_time']"
150,"['workout_duration', 'active_energy', 'avg_hr']"
151,"['workout_duration', 'active_energy', 'exercise_time']"
152,"['active_energy', 'workout_duration', 'avg_hr']"
153,"['active_energy', 'workout_duration', 'avg_hr']"
154,"['workout_duration', 'active_energy', 'sleep_duration']"
155,"['workout_duration', 'avg_hr', 'distance']"
156,"['workout_duration', 'active_energy', 'exercise_time']"
157,"['workout_duration', 'active_energy', 'distance']"
158,"['workout_duration', 'active_energy', 'avg_hr']"
159,"['workout_duration', 'active_energy', 'sleep_duration']"
160,"['workout_duration', 'active_energy', 'exercise_time']"
161,"['workout_duration', 'active_energy', 'exercise_time']"
162,"['workout_duration', 'active_energy', 'avg_hr']"
163,"['workout_duration', 'active_energy', 'sleep_duration']"
164,"['workout_duration', 'active_energy', 'distance']"
165,"['workout_duration', 'active_energy', 'avg_hr']"
166,"['active_energy', 'avg_hr', 'workout_duration']"
167,"['workout_duration', 'avg_hr', 'active_energy']"
168,"['active_energy', 'workout_duration', 'distance']"
169,"['active_energy', 'workout_duration', 'distance']"
170,"['workout_duration', 'avg_hr', 'resting_hr']"
171,"['workout_duration', 'distance', 'active_energy']"
172,"['active_energy', 'workout_duration', 'resting_hr']"
173,"['workout_duration', 'active_energy', 'distance']"
174,"['workout_duration', 'active_energy', 'avg_hr']"
175,"['workout_duration', 'active_energy', 'sleep_duration']"
176,"['workout_duration', 'avg_hr', 'active_energy']"
177,"['avg_hr', 'workout_duration', 'active_energy']"
178,"['workout_duration', 'active_energy', 'steps']"
179,"['workout_duration', 'distance', 'active_energy']"
180,"['workout_duration', 'active_energy', 'avg_hr']"
181,"['avg_hr', 'workout_duration', 'exercise_time']"
182,"['workout_duration', 'sleep_duration', 'resting_hr']"
183,"['workout_duration', 'active_energy', 'steps']"
184,"['workout_duration', 'active_energy', 'resting_hr']"
185,"['active_energy', 'workout_duration', 'exercise_time']"
186,"['workout_duration', 'sleep_duration', 'distance']"
187,"['workout_duration', 'active_energy', 'steps']"
188,"['workout_duration', 'active_energy', 'avg_hr']"
189,"['workout_duration', 'active_energy', 'avg_hr']"
190,"['avg_hr', 'workout_duration', 'active_energy']"
191,"['workout_duration', 'active_energy', 'steps']"
192,"['workout_duration', 'active_energy', 'avg_hr']"
193,"['active_energy', 'exercise_time', 'sleep_duration']"
194,"['active_energy', 'workout_duration', 'resting_hr']"
195,"['workout_duration', 'resting_hr', 'distance']"
196,"['workout_duration', 'active_energy', 'steps']"
197,"['active_energy', 'workout_duration', 'distance']"
198,"['active_energy', 'workout_duration', 'avg_hr']"
199,"['workout_duration', 'active_energy', 'sleep_duration']"
200,"['workout_duration', 'active_energy', 'avg_hr']"
201,"['workout_duration', 'active_energy', 'avg_hr']"
202,"['workout_duration', 'avg_hr', 'active_energy']"
203,"['workout_duration', 'active_energy', 'avg_hr']"
204,"['active_energy', 'workout_duration', 'resting_hr']"
205,"['workout_duration', 'avg_hr', 'active_energy']"
206,"['workout_duration', 'active_energy', 'sleep_duration']"
207,"['active_energy', 'workout_duration', 'avg_hr']"
208,"['avg_hr', 'workout_duration', 'active_energy']"
209,"['active_energy', 'workout_duration', 'exercise_time']"
210,"['workout_duration', 'active_energy', 'steps']"
211,"['workout_duration', 'active_energy', 'exercise_time']"
212,"['workout_duration', 'active_energy', 'avg_hr']"
213,"['workout_duration', 'avg_hr', 'active_energy']"
214,"['workout_duration', 'avg_hr', 'active_energy']"
215,"['workout_duration', 'resting_hr', 'avg_hr']"
216,"['workout_duration', 'exercise_time', 'active_energy']"
217,"['workout_duration', 'avg_hr', 'active_energy']"
218,"['active_energy', 'workout_duration', 'avg_hr']"
219,"['active_energy', 'workout_duration', 'avg_hr']"
220,"['workout_duration', 'active_energy', 'steps']"
221,"['workout_duration', 'active_energy', 'steps']"
222,"['workout_duration', 'avg_hr', 'distance']"
223,"['workout_duration', 'active_energy', 'exercise_time']"
224,"['active_energy', 'workout_duration', 'avg_hr']"
225,"['workout_duration', 'active_energy', 'avg_hr']"
226,"['workout_duration', 'avg_hr', 'active_energy']"
227,"['workout_duration', 'distance', 'active_energy']"
228,"['workout_duration', 'avg_hr', 'active_energy']"
229,"['workout_duration', 'active_energy', 'avg_hr']"
230,"['workout_duration', 'active_energy', 'avg_hr']"
231,"['workout_duration', 'active_energy', 'avg_hr']"
232,"['workout_duration', 'active_energy', 'sleep_duration']"
233,"['workout_duration', 'active_energy', 'resting_hr']"
234,"['workout_duration', 'active_energy', 'avg_hr']"
235,"['avg_hr', 'workout_duration', 'steps']"
236,"['active_energy', 'workout_duration', 'exercise_time']"
237,"['workout_duration', 'avg_hr', 'steps']"
238,"['active_energy', 'workout_duration', 'resting_hr']"
239,"['workout_duration', 'active_energy', 'exercise_time']"
240,"['workout_duration', 'active_energy', 'avg_hr']"
241,"['workout_duration', 'active_energy', 'distance']"
242,"['workout_duration', 'active_energy', 'sleep_duration']"
243,"['workout_duration', 'resting_hr', 'steps']"
244,"['workout_duration', 'steps', 'active_energy']"
245,"['active_energy', 'workout_duration', 'avg_hr']"
246,"['workout_duration', 'active_energy', 'steps']"
247,"['avg_hr', 'workout_duration', 'distance']"
248,"['workout_duration', 'active_energy', 'avg_hr']"
249,"['active_energy', 'workout_duration', 'exercise_time']"
250,"['active_energy', 'workout_duration', 'exercise_time']"
251,"['active_energy', 'workout_duration', 'distance']"
252,"['workout_duration', 'active_energy', 'distance']"
253,"['active_energy', 'workout_duration', 'avg_hr']"
254,"['active_energy', 'workout_duration', 'avg_hr']"
255,"['workout_duration', 'avg_hr', 'exercise_time']"
256,"['workout_duration', 'active_energy', 'steps']"
257,"['active_energy', 'workout_duration', 'distance']"
258,"['workout_duration', 'active_energy', 'exercise_time']"
259,"['workout_duration', 'exercise_time', 'active_energy']"
260,"['active_energy', 'avg_hr', 'workout_duration']"
261,"['workout_duration', 'active_energy', 'distance']"
262,"['sleep_duration', 'workout_duration', 'active_energy']"
263,"['workout_duration', 'active_energy', 'distance']"
264,"['active_energy', 'avg_hr', 'workout_duration']"
265,"['workout_duration', 'active_energy', 'avg_hr']"
266,"['workout_duration', 'active_energy', 'steps']"
267,"['active_energy', 'workout_duration', 'avg_hr']"
268,"['workout_duration', 'exercise_time', 'active_energy']"
269,"['workout_duration', 'active_energy', 'avg_hr']"
270,"['workout_duration', 'active_energy', 'distance']"
271,"['workout_duration', 'avg_hr', 'active_energy']"
272,"['workout_duration', 'avg_hr', 'resting_hr']"
273,"['workout_duration', 'active_energy', 'sleep_duration']"
274,"['active_energy', 'workout_duration', 'distance']"
275,"['workout_duration', 'active_energy', 'steps']"
276,"['active_energy', 'workout_duration', 'exercise_time']"
277,"['workout_duration', 'sleep_duration', 'active_energy']"
278,"['active_energy', 'workout_duration', 'sleep_duration']"
279,"['avg_hr', 'exercise_time', 'active_energy']"
280,"['active_energy', 'workout_duration', 'resting_hr']"
281,"['active_energy', 'distance', 'workout_duration']"
282,"['active_energy', 'workout_duration', 'steps']"
283,"['workout_duration', 'avg_hr', 'exercise_time']"
284,"['workout_duration', 'active_energy', 'avg_hr']"
285,"['active_energy', 'workout_duration', 'sleep_duration']"
286,"['workout_duration', 'sleep_duration', 'steps']"
287,"['workout_duration', 'active_energy', 'avg_hr']"
288,"['workout_duration', 'sleep_duration', 'distance']"
289,"['active_energy', 'workout_duration', 'avg_hr']"
290,"['active_energy', 'workout_duration', 'exercise_time']"
291,"['workout_duration', 'distance', 'avg_hr']"
292,"['workout_duration', 'active_energy', 'avg_hr']"
293,"['workout_duration', 'steps', 'distance']"
294,"['active_energy', 'workout_duration', 'distance']"
295,"['workout_duration', 'active_energy', 'steps']"
296,"['workout_duration', 'active_energy', 'sleep_duration']"
297,"['workout_duration', 'active_energy', 'sleep_duration']"
298,"['workout_duration', 'exercise_time', 'sleep_duration']"
299,"['workout_duration', 'active_energy', 'exercise_time']"
300,"['workout_duration', 'active_energy', 'exercise_time']"
301,"['workout_duration', 'active_energy', 'sleep_duration']"
302,"['active_energy', 'workout_duration', 'avg_hr']"
303,"['workout_duration', 'distance', 'active_energy']"
304,"['workout_duration', 'steps', 'avg_hr']"
305,"['workout_duration', 'sleep_duration', 'avg_hr']"
306,"['active_energy', 'workout_duration', 'distance']"
307,"['workout_duration', 'resting_hr', 'sleep_duration']"
308,"['active_energy', 'workout_duration', 'exercise_time']"
309,"['workout_duration', 'active_energy', 'resting_hr']"
310,"['workout_duration', 'active_energy', 'avg_hr']"
311,"['workout_duration', 'avg_hr', 'steps']"
312,"['workout_duration', 'distance', 'avg_hr']"
313,"['active_energy', 'workout_duration', 'avg_hr']"
314,"['workout_duration', 'avg_hr', 'steps']"
315,"['workout_duration', 'distance', 'avg_hr']"
316,"['workout_duration', 'active_energy', 'exercise_time']"
317,"['workout_duration', 'steps', 'avg_hr']"
318,"['workout_duration', 'steps', 'active_energy']"
319,"['active_energy', 'avg_hr', 'workout_duration']"
320,"['active_energy', 'workout_duration', 'avg_hr']"
321,"['workout_duration', 'active_energy', 'avg_hr']"
322,"['workout_duration', 'distance', 'exercise_time']"
323,"['workout_duration', 'sleep_duration', 'avg_hr']"
324,"['active_energy', 'workout_duration', 'steps']"
325,"['workout_duration', 'active_energy', 'avg_hr']"
326,"['workout_duration', 'active_energy', 'steps']"
327,"['active_energy', 'workout_duration', 'avg_hr']"
328,"['workout_duration', 'active_energy', 'avg_hr']"
329,"['workout_duration', 'active_energy', 'resting_hr']"
330,"['active_energy', 'workout_duration', 'avg_hr']"
331,"['workout_duration', 'avg_hr', 'resting_hr']"
332,"['workout_duration', 'active_energy', 'exercise_time']"
333,"['workout_duration', 'active_energy', 'avg_hr']"
334,"['workout_duration', 'avg_hr', 'distance']"
335,"['workout_duration', 'active_energy', 'distance']"
336,"['sleep_duration', 'active_energy', 'workout_duration']"
337,"['workout_duration', 'active_energy', 'exercise_time']"
338,"['avg_hr', 'active_energy', 'steps']"
339,"['workout_duration', 'active_energy', 'avg_hr']"
340,"['active_energy', 'workout_duration', 'exercise_time']"
341,"['active_energy', 'workout_duration', 'avg_hr']"
342,"['active_energy', 'workout_duration', 'avg_hr']"
343,"['active_energy', 'workout_duration', 'sleep_duration']"
344,"['workout_duration', 'active_energy', 'distance']"
345,"['active_energy', 'workout_duration', 'avg_hr']"
346,"['workout_duration', 'avg_hr', 'exercise_time']"
347,"['workout_duration', 'active_energy', 'avg_hr']"
348,"['active_energy', 'workout_duration', 'avg_hr']"
349,"['active_energy', 'avg_hr', 'workout_duration']"
350,"['distance', 'active_energy', 'avg_hr']"
351,"['active_energy', 'workout_duration', 'distance']"
352,"['workout_duration', 'avg_hr', 'active_energy']"
353,"['workout_duration', 'avg_hr', 'active_energy']"
354,"['active_energy', 'workout_duration', 'sleep_duration']"
355,"['workout_duration', 'avg_hr', 'distance']"
356,"['workout_duration', 'resting_hr', 'active_energy']"
357,"['avg_hr', 'workout_duration', 'active_energy']"
358,"['active_energy', 'workout_duration', 'resting_hr']"
359,"['workout_duration', 'steps', 'active_energy']"
360,"['avg_hr', 'workout_duration', 'active_energy']"
361,"['workout_duration', 'active_energy', 'avg_hr']"
362,"['avg_hr', 'active_energy', 'workout_duration']"
363,"['workout_duration', 'active_energy', 'steps']"
364,"['workout_duration', 'active_energy', 'sleep_duration']"
365,"['workout_duration', 'active_energy', 'sleep_duration']"
366,"['workout_duration', 'active_energy', 'steps']"
367,"['workout_duration', 'steps', 'avg_hr']"
368,"['workout_duration', 'active_energy', 'avg_hr']"
369,"['active_energy', 'workout_duration', 'avg_hr']"
370,"['workout_duration', 'active_energy', 'sleep_duration']"
371,"['workout_duration', 'active_energy', 'steps']"
372,"['workout_duration', 'active_energy', 'exercise_time']"
373,"['workout_duration', 'active_energy', 'distance']"
374,"['active_energy', 'workout_duration', 'sleep_duration']"
375,"['workout_duration', 'avg_hr', 'distance']"
376,"['workout_duration', 'active_energy', 'avg_hr']"
377,"['active_energy', 'workout_duration', 'avg_hr']"
378,"['workout_duration', 'sleep_duration', 'distance']"
379,"['workout_duration', 'avg_hr', 'active_energy']"
380,"['workout_duration', 'distance', 'active_energy']"
381,"['workout_duration', 'active_energy', 'avg_hr']"
382,"['workout_duration', 'active_energy', 'avg_hr']"
383,"['workout_duration', 'active_energy', 'avg_hr']"
384,"['workout_duration', 'active_energy', 'resting_hr']"
385,"['workout_duration', 'active_energy', 'avg_hr']"
386,"['workout_duration', 'avg_hr', 'active_energy']"
387,"['workout_duration', 'active_energy', 'steps']"
388,"['distance', 'active_energy', 'resting_hr']"
389,"['active_energy', 'workout_duration', 'avg_hr']"
390,"['active_energy', 'workout_duration', 'resting_hr']"
391,"['sleep_duration', 'avg_hr', 'workout_duration']"
392,"['workout_duration', 'avg_hr', 'distance']"
393,"['workout_duration', 'active_energy', 'steps']"
394,"['workout_duration', 'active_energy', 'avg_hr']"
395,"['workout_duration', 'active_energy', 'resting_hr']"
396,"['active_energy', 'avg_hr', 'workout_duration']"
397,"['workout_duration', 'active_energy', 'steps']"
398,"['workout_duration', 'active_energy', 'steps']"
399,"['active_energy', 'workout_duration', 'avg_hr']"
400,"['workout_duration', 'active_energy', 'distance']"
401,"['workout_duration', 'active_energy', 'sleep_duration']"
402,"['workout_duration', 'active_energy', 'resting_hr']"
403,"['workout_duration', 'active_energy', 'sleep_duration']"
404,"['workout_duration', 'resting_hr', 'active_energy']"
405,"['workout_duration', 'sleep_duration', 'avg_hr']"
406,"['workout_duration', 'avg_hr', 'active_energy']"
407,"['workout_duration', 'active_energy', 'sleep_duration']"
408,"['workout_duration', 'active_energy', 'avg_hr']"
409,"['avg_hr', 'workout_duration', 'active_energy']"
410,"['workout_duration', 'avg_hr', 'distance']"
411,"['workout_duration', 'active_energy', 'distance']"
412,"['active_energy', 'workout_duration', 'exercise_time']"
413,"['active_energy', 'workout_duration', 'exercise_time']"
414,"['workout_duration', 'avg_hr', 'active_energy']"
415,"['active_energy', 'workout_duration', 'avg_hr']"
416,"['active_energy', 'avg_hr', 'workout_duration']"
417,"['workout_duration', 'steps', 'active_energy']"
418,"['active_energy', 'workout_duration', 'avg_hr']"
419,"['workout_duration', 'steps', 'active_energy']"
420,"['active_energy', 'avg_hr', 'workout_duration']"
421,"['workout_duration', 'exercise_time', 'resting_hr']"
422,"['active_energy', 'workout_duration', 'steps']"
423,"['workout_duration', 'active_energy', 'distance']"
424,"['workout_duration', 'exercise_time', 'active_energy']"
425,"['workout_duration', 'active_energy', 'distance']"
426,"['workout_duration', 'active_energy', 'sleep_duration']"
427,"['workout_duration', 'active_energy', 'resting_hr']"
428,"['workout_duration', 'active_energy', 'avg_hr']"
429,"['workout_duration', 'sleep_duration', 'avg_hr']"
430,"['active_energy', 'workout_duration', 'avg_hr']"
431,"['workout_duration', 'active_energy', 'sleep_duration']"
432,"['workout_duration', 'sleep_duration', 'avg_hr']"
433,"['active_energy', 'workout_duration', 'sleep_duration']"
434,"['workout_duration', 'steps', 'avg_hr']"
435,"['workout_duration', 'distance', 'avg_hr']"
436,"['workout_duration', 'avg_hr', 'active_energy']"
437,"['workout_duration', 'active_energy', 'distance']"
438,"['active_energy', 'workout_duration', 'avg_hr']"
439,"['workout_duration', 'active_energy', 'resting_hr']"
440,"['workout_duration', 'active_energy', 'sleep_duration']"
441,"['active_energy', 'workout_duration', 'avg_hr']"
442,"['workout_duration', 'active_energy', 'avg_hr']"
443,"['active_energy', 'workout_duration', 'sleep_duration']"
444,"['active_energy', 'sleep_duration', 'avg_hr']"
445,"['workout_duration', 'active_energy', 'sleep_duration']"
446,"['workout_duration', 'active_energy', 'avg_hr']"
447,"['workout_duration', 'active_energy', 'exercise_time']"
448,"['active_energy', 'workout_duration', 'exercise_time']"
449,"['workout_duration', 'distance', 'sleep_duration']"
450,"['avg_hr', 'steps', 'workout_duration']"
451,"['distance', 'workout_duration', 'active_energy']"
452,"['workout_duration', 'avg_hr', 'steps']"
453,"['workout_duration', 'active_energy', 'avg_hr']"
454,"['workout_duration', 'active_energy', 'avg_hr']"
455,"['active_energy', 'steps', 'workout_duration']"
456,"['workout_duration', 'active_energy', 'avg_hr']"
457,"['workout_duration', 'active_energy', 'distance']"
458,"['workout_duration', 'active_energy', 'sleep_duration']"
459,"['active_energy', 'workout_duration', 'distance']"
460,"['active_energy', 'workout_duration', 'distance']"
461,"['workout_duration', 'avg_hr', 'resting_hr']"
462,"['workout_duration', 'active_energy', 'resting_hr']"
463,"['workout_duration', 'resting_hr', 'active_energy']"
464,"['workout_duration', 'active_energy', 'avg_hr']"
465,"['workout_duration', 'avg_hr', 'active_energy']"
466,"['workout_duration', 'active_energy', 'distance']"
467,"['workout_duration', 'active_energy', 'avg_hr']"
468,"['workout_duration', 'resting_hr', 'active_energy']"
469,"['workout_duration', 'distance', 'avg_hr']"
470,"['workout_duration', 'active_energy', 'avg_hr']"
471,"['active_energy', 'avg_hr', 'resting_hr']"
472,"['workout_duration', 'exercise_time', 'active_energy']"
473,"['workout_duration', 'active_energy', 'steps']"
474,"['active_energy', 'workout_duration', 'avg_hr']"
475,"['workout_duration', 'avg_hr', 'active_energy']"
476,"['avg_hr', 'active_energy', 'workout_duration']"
477,"['workout_duration', 'resting_hr', 'active_energy']"
478,"['workout_duration', 'avg_hr', 'active_energy']"
479,"['workout_duration', 'active_energy', 'avg_hr']"
480,"['workout_duration', 'active_energy', 'avg_hr']"
481,"['active_energy', 'workout_duration', 'avg_hr']"
482,"['active_energy', 'workout_duration', 'sleep_duration']"
483,"['workout_duration', 'active_energy', 'avg_hr']"
484,"['workout_duration', 'active_energy', 'sleep_duration']"
485,"['workout_duration', 'active_energy', 'avg_hr']"
486,"['avg_hr', 'active_energy', 'workout_duration']"
487,"['workout_duration', 'active_energy', 'sleep_duration']"
488,"['workout_duration', 'active_energy', 'avg_hr']"
489,"['workout_duration', 'active_energy', 'sleep_duration']"
490,"['active_energy', 'avg_hr', 'workout_duration']"
491,"['active_energy', 'workout_duration', 'avg_hr']"
492,"['avg_hr', 'active_energy', 'workout_duration']"
493,"['active_energy', 'steps', 'workout_duration']"
494,"['workout_duration', 'avg_hr', 'distance']"
495,"['active_energy', 'workout_duration', 'sleep_duration']"
496,"['workout_duration', 'active_energy', 'exercise_time']"
497,"['workout_duration', 'steps', 'active_energy']"
498,"['avg_hr', 'workout_duration', 'active_energy']"
499,"['active_energy', 'workout_duration', 'distance']"
500,"['sleep_duration', 'steps', 'workout_duration']"
501,"['workout_duration', 'active_energy', 'avg_hr']"
502,"['active_energy', 'workout_duration', 'sleep_duration']"
503,"['active_energy', 'workout_duration', 'sleep_duration']"
504,"['active_energy', 'workout_duration', 'avg_hr']"
505,"['workout_duration', 'active_energy', 'avg_hr']"
506,"['workout_duration', 'active_energy', 'distance']"
507,"['workout_duration', 'active_energy', 'avg_hr']"
508,"['workout_duration', 'sleep_duration', 'active_energy']"
509,"['active_energy', 'sleep_duration', 'avg_hr']"
510,"['workout_duration', 'active_energy', 'avg_hr']"
511,"['workout_duration', 'active_energy', 'avg_hr']"
512,"['workout_duration', 'active_energy', 'avg_hr']"
513,"['workout_duration', 'steps', 'active_energy']"
514,"['active_energy', 'workout_duration', 'avg_hr']"
515,"['workout_duration', 'active_energy', 'avg_hr']"
516,"['active_energy', 'workout_duration', 'steps']"
517,"['workout_duration', 'sleep_duration', 'distance']"
518,"['workout_duration', 'avg_hr', 'active_energy']"
519,"['workout_duration', 'resting_hr', 'steps']"
520,"['workout_duration', 'avg_hr', 'active_energy']"
521,"['active_energy', 'avg_hr', 'workout_duration']"
522,"['active_energy', 'workout_duration', 'avg_hr']"
523,"['workout_duration', 'active_energy', 'exercise_time']"
524,"['active_energy', 'workout_duration', 'resting_hr']"
525,"['workout_duration', 'avg_hr', 'active_energy']"
526,"['active_energy', 'workout_duration', 'avg_hr']"
527,"['active_energy', 'avg_hr', 'workout_duration']"
528,"['workout_duration', 'avg_hr', 'steps']"
529,"['workout_duration', 'active_energy', 'sleep_duration']"
530,"['active_energy', 'workout_duration', 'steps']"
531,"['workout_duration', 'active_energy', 'exercise_time']"
532,"['workout_duration', 'avg_hr', 'active_energy']"
533,"['workout_duration', 'avg_hr', 'sleep_duration']"
534,"['workout_duration', 'active_energy', 'avg_hr']"
535,"['workout_duration', 'resting_hr', 'active_energy']"
536,"['workout_duration', 'resting_hr', 'active_energy']"
537,"['workout_duration', 'distance', 'active_energy']"
538,"['active_energy', 'workout_duration', 'avg_hr']"
539,"['workout_duration', 'avg_hr', 'active_energy']"
540,"['workout_duration', 'exercise_time', 'active_energy']"
541,"['workout_duration', 'active_energy', 'sleep_duration']"
542,"['active_energy', 'avg_hr', 'workout_duration']"
543,"['active_energy', 'workout_duration', 'avg_hr']"
544,"['workout_duration', 'active_energy', 'resting_hr']"
545,"['active_energy', 'avg_hr', 'workout_duration']"
546,"['active_energy', 'workout_duration', 'resting_hr']"
547,"['workout_duration', 'avg_hr', 'resting_hr']"
548,"['workout_duration', 'active_energy', 'avg_hr']"
549,"['workout_duration', 'avg_hr', 'sleep_duration']"
550,"['workout_duration', 'active_energy', 'exercise_time']"
551,"['workout_duration', 'avg_hr', 'active_energy']"
552,"['distance', 'workout_duration', 'active_energy']"
553,"['workout_duration', 'active_energy', 'avg_hr']"
554,"['workout_duration', 'active_energy', 'sleep_duration']"
555,"['active_energy', 'workout_duration', 'avg_hr']"
556,"['active_energy', 'workout_duration', 'resting_hr']"
557,"['workout_duration', 'active_energy', 'resting_hr']"
558,"['workout_duration', 'active_energy', 'resting_hr']"
559,"['workout_duration', 'avg_hr', 'active_energy']"
560,"['workout_duration', 'avg_hr', 'distance']"
561,"['workout_duration', 'active_energy', 'avg_hr']"
562,"['workout_duration', 'distance', 'avg_hr']"
563,"['workout_duration', 'steps', 'resting_hr']"
564,"['workout_duration', 'active_energy', 'exercise_time']"
565,"['workout_duration', 'active_energy', 'avg_hr']"
566,"['avg_hr', 'workout_duration', 'active_energy']"
567,"['workout_duration', 'avg_hr', 'active_energy']"
568,"['workout_duration', 'avg_hr', 'exercise_time']"
569,"['workout_duration', 'active_energy', 'exercise_time']"
570,"['workout_duration', 'avg_hr', 'active_energy']"
571,"['workout_duration', 'steps', 'active_energy']"
572,"['workout_duration', 'active_energy', 'exercise_time']"
573,"['avg_hr', 'active_energy', 'workout_duration']"
574,"['workout_duration', 'avg_hr', 'exercise_time']"
575,"['workout_duration', 'active_energy', 'exercise_time']"
576,"['workout_duration', 'active_energy', 'avg_hr']"
577,"['workout_duration', 'exercise_time', 'avg_hr']"
578,"['workout_duration', 'avg_hr', 'active_energy']"
579,"['workout_duration', 'active_energy', 'steps']"
580,"['resting_hr', 'workout_duration', 'active_energy']"
581,"['avg_hr', 'workout_duration', 'resting_hr']"
582,"['workout_duration', 'active_energy', 'distance']"
583,"['sleep_duration', 'avg_hr', 'active_energy']"
584,"['workout_duration', 'active_energy', 'steps']"
585,"['workout_duration', 'active_energy', 'resting_hr']"
586,"['active_energy', 'workout_duration', 'avg_hr']"
587,"['active_energy', 'workout_duration', 'exercise_time']"
588,"['workout_duration', 'steps', 'avg_hr']"
589,"['workout_duration', 'active_energy', 'resting_hr']"
590,"['workout_duration', 'active_energy', 'steps']"
591,"['workout_duration', 'active_energy', 'sleep_duration']"
592,"['workout_duration', 'avg_hr', 'resting_hr']"
593,"['avg_hr', 'workout_duration', 'active_energy']"
594,"['active_energy', 'sleep_duration', 'resting_hr']"
595,"['workout_duration', 'resting_hr', 'avg_hr']"
596,"['active_energy', 'workout_duration', 'resting_hr']"
597,"['workout_duration', 'active_energy', 'avg_hr']"
598,"['avg_hr', 'workout_duration', 'sleep_duration']"
599,"['active_energy', 'workout_duration', 'sleep_duration']"
600,"['active_energy', 'workout_duration', 'avg_hr']"
601,"['active_energy', 'workout_duration', 'avg_hr']"
602,"['avg_hr', 'workout_duration', 'resting_hr']"
603,"['workout_duration', 'active_energy', 'sleep_duration']"
604,"['active_energy', 'workout_duration', 'avg_hr']"
605,"['workout_duration', 'active_energy', 'avg_hr']"
606,"['workout_duration', 'steps', 'active_energy']"
607,"['workout_duration', 'avg_hr', 'distance']"
608,"['workout_duration', 'avg_hr', 'active_energy']"
609,"['workout_duration', 'active_energy', 'avg_hr']"
610,"['workout_duration', 'active_energy', 'resting_hr']"
611,"['workout_duration', 'active_energy', 'avg_hr']"
612,"['avg_hr', 'workout_duration', 'active_energy']"
613,"['workout_duration', 'active_energy', 'exercise_time']"
614,"['workout_duration', 'active_energy', 'avg_hr']"
615,"['workout_duration', 'resting_hr', 'steps']"
616,"['active_energy', 'workout_duration', 'sleep_duration']"
617,"['avg_hr', 'workout_duration', 'sleep_duration']"
618,"['workout_duration', 'distance', 'resting_hr']"
619,"['workout_duration', 'active_energy', 'resting_hr']"
620,"['workout_duration', 'active_energy', 'avg_hr']"
621,"['active_energy', 'exercise_time', 'resting_hr']"
622,"['workout_duration', 'active_energy', 'sleep_duration']"
623,"['active_energy', 'workout_duration', 'avg_hr']"
624,"['workout_duration', 'active_energy', 'distance']"
625,"['workout_duration', 'active_energy', 'steps']"
626,"['workout_duration', 'active_energy', 'resting_hr']"
627,"['workout_duration', 'distance', 'sleep_duration']"
628,"['workout_duration', 'avg_hr', 'exercise_time']"
629,"['active_energy', 'workout_duration', 'sleep_duration']"
630,"['active_energy', 'avg_hr', 'workout_duration']"
631,"['workout_duration', 'active_energy', 'steps']"
632,"['workout_duration', 'active_energy', 'resting_hr']"
633,"['active_energy', 'workout_duration', 'avg_hr']"
634,"['workout_duration', 'active_energy', 'distance']"
635,"['workout_duration', 'active_energy', 'avg_hr']"
636,"['workout_duration', 'active_energy', 'steps']"
637,"['active_energy', 'workout_duration', 'sleep_duration']"
638,"['avg_hr', 'workout_duration', 'active_energy']"
639,"['active_energy', 'workout_duration', 'avg_hr']"
640,"['workout_duration', 'steps', 'active_energy']"
641,"['workout_duration', 'avg_hr', 'active_energy']"
642,"['active_energy', 'workout_duration', 'resting_hr']"
643,"['active_energy', 'resting_hr', 'sleep_duration']"
644,"['workout_duration', 'active_energy', 'steps']"
645,"['workout_duration', 'avg_hr', 'active_energy']"
646,"['workout_duration', 'active_energy', 'resting_hr']"
647,"['active_energy', 'avg_hr', 'workout_duration']"
648,"['workout_duration', 'active_energy', 'avg_hr']"
649,"['workout_duration', 'active_energy', 'avg_hr']"
650,"['workout_duration', 'sleep_duration', 'avg_hr']"
651,"['workout_duration', 'active_energy', 'avg_hr']"
652,"['workout_duration', 'sleep_duration', 'exercise_time']"
653,"['workout_duration', 'active_energy', 'distance']"
654,"['workout_duration', 'distance', 'sleep_duration']"
655,"['workout_duration', 'active_energy', 'resting_hr']"
656,"['distance', 'steps', 'workout_duration']"
657,"['workout_duration', 'active_energy', 'avg_hr']"
658,"['workout_duration', 'active_energy', 'exercise_time']"
659,"['workout_duration', 'active_energy', 'avg_hr']"
660,"['workout_duration', 'avg_hr', 'active_energy']"
661,"['workout_duration', 'avg_hr', 'active_energy']"
662,"['active_energy', 'resting_hr', 'workout_duration']"
663,"['workout_duration', 'avg_hr', 'active_energy']"
664,"['active_energy', 'workout_duration', 'sleep_duration']"
665,"['workout_duration', 'active_energy', 'steps']"
666,"['workout_duration', 'sleep_duration', 'active_energy']"
667,"['workout_duration', 'active_energy', 'steps']"
668,"['workout_duration', 'active_energy', 'exercise_time']"
669,"['active_energy', 'workout_duration', 'avg_hr']"
670,"['active_energy', 'resting_hr', 'avg_hr']"
671,"['active_energy', 'workout_duration', 'avg_hr']"
672,"['active_energy', 'workout_duration', 'resting_hr']"
673,"['avg_hr', 'workout_duration', 'active_energy']"
674,"['active_energy', 'workout_duration', 'exercise_time']"
675,"['active_energy', 'exercise_time', 'workout_duration']"
676,"['workout_duration', 'avg_hr', 'sleep_duration']"
677,"['workout_duration', 'active_energy', 'exercise_time']"
678,"['workout_duration', 'resting_hr', 'steps']"
679,"['workout_duration', 'distance', 'active_energy']"
680,"['workout_duration', 'active_energy', 'avg_hr']"
681,"['workout_duration', 'active_energy', 'exercise_time']"
682,"['active_energy', 'avg_hr', 'workout_duration']"
683,"['workout_duration', 'active_energy', 'avg_hr']"
684,"['active_energy', 'distance', 'sleep_duration']"
685,"['active_energy', 'resting_hr', 'workout_duration']"
686,"['workout_duration', 'distance', 'resting_hr']"
687,"['workout_duration', 'active_energy', 'sleep_duration']"
688,"['workout_duration', 'steps', 'active_energy']"
689,"['workout_duration', 'active_energy', 'steps']"
690,"['workout_duration', 'active_energy', 'avg_hr']"
691,"['workout_duration', 'avg_hr', 'sleep_duration']"
692,"['workout_duration', 'steps', 'active_energy']"
693,"['active_energy', 'workout_duration', 'avg_hr']"
694,"['active_energy', 'workout_duration', 'resting_hr']"
695,"['workout_duration', 'active_energy', 'avg_hr']"
696,"['active_energy', 'workout_duration', 'resting_hr']"
697,"['workout_duration', 'exercise_time', 'avg_hr']"
698,"['workout_duration', 'avg_hr', 'active_energy']"
699,"['active_energy', 'workout_duration', 'resting_hr']"
700,"['active_energy', 'workout_duration', 'steps']"
701,"['workout_duration', 'active_energy', 'exercise_time']"
702,"['workout_duration', 'active_energy', 'resting_hr']"
703,"['workout_duration', 'active_energy', 'distance']"
704,"['workout_duration', 'active_energy', 'exercise_time']"
705,"['active_energy', 'workout_duration', 'sleep_duration']"
706,"['workout_duration', 'active_energy', 'sleep_duration']"
707,"['active_energy', 'workout_duration', 'exercise_time']"
708,"['workout_duration', 'avg_hr', 'sleep_duration']"
709,"['workout_duration', 'active_energy', 'sleep_duration']"
710,"['active_energy', 'workout_duration', 'avg_hr']"
711,"['workout_duration', 'active_energy', 'steps']"
712,"['workout_duration', 'active_energy', 'avg_hr']"
713,"['active_energy', 'steps', 'avg_hr']"
714,"['workout_duration', 'avg_hr', 'active_energy']"
715,"['workout_duration', 'active_energy', 'avg_hr']"
716,"['workout_duration', 'sleep_duration', 'avg_hr']"
717,"['steps', 'avg_hr', 'workout_duration']"
718,"['active_energy', 'workout_duration', 'avg_hr']"
719,"['active_energy', 'workout_duration', 'avg_hr']"
720,"['active_energy', 'workout_duration', 'avg_hr']"
721,"['workout_duration', 'active_energy', 'distance']"
722,"['active_energy', 'avg_hr', 'workout_duration']"
723,"['active_energy', 'workout_duration', 'avg_hr']"
724,"['workout_duration', 'active_energy', 'exercise_time']"
725,"['workout_duration', 'resting_hr', 'steps']"
726,"['workout_duration', 'active_energy', 'avg_hr']"
727,"['active_energy', 'workout_duration', 'resting_hr']"
728,"['workout_duration', 'avg_hr', 'active_energy']"
729,"['avg_hr', 'workout_duration', 'sleep_duration']"
730,"['active_energy', 'workout_duration', 'exercise_time']"
731,"['workout_duration', 'active_energy', 'exercise_time']"
732,"['workout_duration', 'active_energy', 'avg_hr']"
733,"['workout_duration', 'avg_hr', 'sleep_duration']"
734,"['active_energy', 'workout_duration', 'avg_hr']"
735,"['workout_duration', 'resting_hr', 'active_energy']"
736,"['workout_duration', 'avg_hr', 'distance']"
737,"['workout_duration', 'avg_hr', 'sleep_duration']"
738,"['active_energy', 'avg_hr', 'workout_duration']"
739,"['workout_duration', 'active_energy', 'steps']"
740,"['workout_duration', 'active_energy', 'distance']"
741,"['active_energy', 'workout_duration', 'exercise_time']"
742,"['active_energy', 'workout_duration', 'steps']"
743,"['workout_duration', 'exercise_time', 'active_energy']"
744,"['workout_duration', 'distance', 'avg_hr']"
745,"['active_energy', 'workout_duration', 'exercise_time']"
746,"['workout_duration', 'avg_hr', 'steps']"
747,"['workout_duration', 'active_energy', 'avg_hr']"
748,"['workout_duration', 'avg_hr', 'active_energy']"
749,"['workout_duration', 'active_energy', 'resting_hr']"
750,"['workout_duration', 'active_energy', 'avg_hr']"
751,"['workout_duration', 'avg_hr', 'active_energy']"
752,"['workout_duration', 'active_energy', 'sleep_duration']"
753,"['active_energy', 'workout_duration', 'resting_hr']"
754,"['workout_duration', 'active_energy', 'sleep_duration']"
755,"['workout_duration', 'steps', 'exercise_time']"
756,"['workout_duration', 'active_energy', 'avg_hr']"
757,"['active_energy', 'workout_duration', 'avg_hr']"
758,"['workout_duration', 'exercise_time', 'active_energy']"
759,"['workout_duration', 'sleep_duration', 'distance']"
760,"['avg_hr', 'workout_duration', 'active_energy']"
761,"['workout_duration', 'active_energy', 'avg_hr']"
762,"['workout_duration', 'avg_hr', 'active_energy']"
763,"['workout_duration', 'resting_hr', 'active_energy']"
764,"['resting_hr', 'active_energy', 'workout_duration']"
765,"['workout_duration', 'avg_hr', 'active_energy']"
766,"['workout_duration', 'active_energy', 'exercise_time']"
767,"['workout_duration', 'active_energy', 'sleep_duration']"
768,"['workout_duration', 'avg_hr', 'distance']"
769,"['active_energy', 'workout_duration', 'exercise_time']"
770,"['workout_duration', 'active_energy', 'distance']"
771,"['workout_duration', 'avg_hr', 'steps']"
772,"['active_energy', 'workout_duration', 'distance']"
773,"['workout_duration', 'active_energy', 'steps']"
774,"['workout_duration', 'exercise_time', 'distance']"
775,"['workout_duration', 'active_energy', 'avg_hr']"
776,"['active_energy', 'workout_duration', 'steps']"
777,"['workout_duration', 'sleep_duration', 'active_energy']"
778,"['workout_duration', 'active_energy', 'steps']"
779,"['resting_hr', 'avg_hr', 'workout_duration']"
780,"['workout_duration', 'avg_hr', 'active_energy']"
781,"['workout_duration', 'active_energy', 'avg_hr']"
782,"['workout_duration', 'active_energy', 'exercise_time']"
783,"['workout_duration', 'avg_hr', 'steps']"
784,"['distance', 'steps', 'workout_duration']"
785,"['workout_duration', 'active_energy', 'resting_hr']"
786,"['avg_hr', 'active_energy', 'workout_duration']"
787,"['active_energy', 'steps', 'exercise_time']"
788,"['workout_duration', 'active_energy', 'steps']"
789,"['workout_duration', 'avg_hr', 'active_energy']"
790,"['active_energy', 'workout_duration', 'avg_hr']"
791,"['workout_duration', 'active_energy', 'sleep_duration']"
792,"['workout_duration', 'exercise_time', 'resting_hr']"
793,"['active_energy', 'steps', 'workout_duration']"
794,"['avg_hr', 'active_energy', 'resting_hr']"
795,"['workout_duration', 'active_energy', 'distance']"
796,"['avg_hr', 'steps', 'active_energy']"
797,"['workout_duration', 'sleep_duration', 'resting_hr']"
798,"['workout_duration', 'avg_hr', 'active_energy']"
799,"['avg_hr', 'resting_hr', 'workout_duration']"
800,"['workout_duration', 'active_energy', 'avg_hr']"
801,"['workout_duration', 'avg_hr', 'sleep_duration']"
802,"['workout_duration', 'active_energy', 'steps']"
803,"['workout_duration', 'exercise_time', 'steps']"
804,"['workout_duration', 'steps', 'sleep_duration']"
805,"['active_energy', 'avg_hr', 'workout_duration']"
806,"['active_energy', 'avg_hr', 'workout_duration']"
807,"['workout_duration', 'resting_hr', 'distance']"
808,"['workout_duration', 'active_energy', 'avg_hr']"
809,"['workout_duration', 'avg_hr', 'active_energy']"
810,"['avg_hr', 'workout_duration', 'active_energy']"
811,"['active_energy', 'workout_duration', 'exercise_time']"
812,"['workout_duration', 'exercise_time', 'active_energy']"
813,"['workout_duration', 'active_energy', 'steps']"
814,"['workout_duration', 'active_energy', 'avg_hr']"
815,"['active_energy', 'workout_duration', 'avg_hr']"
816,"['workout_duration', 'active_energy', 'exercise_time']"
817,"['active_energy', 'avg_hr', 'workout_duration']"
818,"['workout_duration', 'avg_hr', 'active_energy']"
819,"['workout_duration', 'resting_hr', 'exercise_time']"
820,"['workout_duration', 'sleep_duration', 'avg_hr']"
821,"['workout_duration', 'active_energy', 'resting_hr']"
822,"['workout_duration', 'active_energy', 'avg_hr']"
823,"['active_energy', 'workout_duration', 'steps']"
824,"['active_energy', 'workout_duration', 'avg_hr']"
825,"['active_energy', 'avg_hr', 'workout_duration']"
826,"['workout_duration', 'active_energy', 'avg_hr']"
827,"['active_energy', 'avg_hr', 'workout_duration']"
828,"['workout_duration', 'distance', 'steps']"
829,"['workout_duration', 'active_energy', 'steps']"
830,"['workout_duration', 'steps', 'resting_hr']"
831,"['workout_duration', 'distance', 'active_energy']"
832,"['active_energy', 'sleep_duration', 'distance']"
833,"['workout_duration', 'avg_hr', 'active_energy']"
834,"['workout_duration', 'active_energy', 'steps']"
835,"['workout_duration', 'active_energy', 'exercise_time']"
836,"['workout_duration', 'active_energy', 'avg_hr']"
837,"['workout_duration', 'active_energy', 'avg_hr']"
838,"['workout_duration', 'avg_hr', 'sleep_duration']"
839,"['workout_duration', 'avg_hr', 'distance']"
840,"['active_energy', 'workout_duration', 'distance']"
841,"['workout_duration', 'avg_hr', 'resting_hr']"
842,"['active_energy', 'workout_duration', 'resting_hr']"
843,"['active_energy', 'workout_duration', 'distance']"
844,"['avg_hr', 'workout_duration', 'active_energy']"
845,"['workout_duration', 'active_energy', 'distance']"
846,"['workout_duration', 'active_energy', 'distance']"
847,"['workout_duration', 'avg_hr', 'active_energy']"
848,"['workout_duration', 'active_energy', 'avg_hr']"
849,"['workout_duration', 'active_energy', 'exercise_time']"
850,"['workout_duration', 'avg_hr', 'active_energy']"
851,"['active_energy', 'avg_hr', 'workout_duration']"
852,"['workout_duration', 'active_energy', 'steps']"
853,"['avg_hr', 'workout_duration', 'active_energy']"
854,"['active_energy', 'avg_hr', 'steps']"
855,"['workout_duration', 'avg_hr', 'active_energy']"
856,"['workout_duration', 'active_energy', 'exercise_time']"
857,"['workout_duration', 'active_energy', 'distance']"
858,"['workout_duration', 'active_energy', 'avg_hr']"
859,"['workout_duration', 'distance', 'avg_hr']"
860,"['workout_duration', 'exercise_time', 'steps']"
861,"['workout_duration', 'active_energy', 'exercise_time']"
862,"['workout_duration', 'active_energy', 'exercise_time']"
863,"['workout_duration', 'active_energy', 'steps']"
864,"['active_energy', 'workout_duration', 'steps']"
865,"['workout_duration', 'active_energy', 'resting_hr']"
866,"['workout_duration', 'sleep_duration', 'avg_hr']"
867,"['workout_duration', 'steps', 'active_energy']"
868,"['active_energy', 'avg_hr', 'workout_duration']"
869,"['active_energy', 'workout_duration', 'avg_hr']"
870,"['workout_duration', 'steps', 'sleep_duration']"
871,"['workout_duration', 'avg_hr', 'active_energy']"
872,"['active_energy', 'workout_duration', 'distance']"
873,"['workout_duration', 'avg_hr', 'sleep_duration']"
874,"['active_energy', 'workout_duration', 'distance']"
875,"['workout_duration', 'active_energy', 'resting_hr']"
876,"['workout_duration', 'sleep_duration', 'resting_hr']"
877,"['active_energy', 'workout_duration', 'avg_hr']"
878,"['workout_duration', 'sleep_duration', 'avg_hr']"
879,"['workout_duration', 'active_energy', 'resting_hr']"
880,"['workout_duration', 'avg_hr', 'active_energy']"
881,"['active_energy', 'workout_duration', 'avg_hr']"
882,"['workout_duration', 'avg_hr', 'distance']"
883,"['workout_duration', 'active_energy', 'steps']"
884,"['active_energy', 'workout_duration', 'avg_hr']"
885,"['avg_hr', 'workout_duration', 'active_energy']"
886,"['workout_duration', 'sleep_duration', 'active_energy']"
887,"['active_energy', 'workout_duration', 'avg_hr']"
888,"['workout_duration', 'resting_hr', 'active_energy']"
889,"['workout_duration', 'avg_hr', 'distance']"
890,"['active_energy', 'avg_hr', 'steps']"
891,"['workout_duration', 'active_energy', 'sleep_duration']"
892,"['workout_duration', 'exercise_time', 'resting_hr']"
893,"['workout_duration', 'avg_hr', 'steps']"
894,"['workout_duration', 'avg_hr', 'active_energy']"
895,"['workout_duration', 'active_energy', 'steps']"
896,"['workout_duration', 'avg_hr', 'active_energy']"
897,"['active_energy', 'distance', 'workout_duration']"
898,"['workout_duration', 'steps', 'active_energy']"
899,"['active_energy', 'avg_hr', 'workout_duration']"
900,"['workout_duration', 'active_energy', 'avg_hr']"
901,"['workout_duration', 'active_energy', 'exercise_time']"
902,"['workout_duration', 'active_energy', 'resting_hr']"
903,"['active_energy', 'workout_duration', 'avg_hr']"
904,"['workout_duration', 'active_energy', 'avg_hr']"
905,"['workout_duration', 'active_energy', 'avg_hr']"
906,"['workout_duration', 'active_energy', 'distance']"
907,"['workout_duration', 'active_energy', 'distance']"
908,"['active_energy', 'workout_duration', 'avg_hr']"
909,"['workout_duration', 'avg_hr', 'active_energy']"
910,"['avg_hr', 'workout_duration', 'resting_hr']"
911,"['workout_duration', 'avg_hr', 'exercise_time']"
912,"['workout_duration', 'active_energy', 'exercise_time']"
913,"['active_energy', 'workout_duration', 'avg_hr']"
914,"['workout_duration', 'avg_hr', 'distance']"
915,"['workout_duration', 'active_energy', 'distance']"
916,"['workout_duration', 'exercise_time', 'active_energy']"
917,"['workout_duration', 'active_energy', 'avg_hr']"
918,"['workout_duration', 'active_energy', 'distance']"
919,"['workout_duration', 'active_energy', 'avg_hr']"
920,"['workout_duration', 'avg_hr', 'active_energy']"
921,"['workout_duration', 'active_energy', 'avg_hr']"
922,"['avg_hr', 'active_energy', 'workout_duration']"
923,"['workout_duration', 'active_energy', 'avg_hr']"
924,"['active_energy', 'avg_hr', 'workout_duration']"
925,"['steps', 'distance', 'resting_hr']"
926,"['active_energy', 'avg_hr', 'workout_duration']"
927,"['workout_duration', 'sleep_duration', 'active_energy']"
928,"['workout_duration', 'active_energy', 'avg_hr']"
929,"['workout_duration', 'active_energy', 'distance']"
930,"['workout_duration', 'distance', 'avg_hr']"
931,"['workout_duration', 'active_energy', 'exercise_time']"
932,"['workout_duration', 'avg_hr', 'active_energy']"
933,"['active_energy', 'avg_hr', 'workout_duration']"
934,"['workout_duration', 'active_energy', 'avg_hr']"
935,"['active_energy', 'workout_duration', 'exercise_time']"
936,"['workout_duration', 'avg_hr', 'resting_hr']"
937,"['workout_duration', 'active_energy', 'avg_hr']"
938,"['active_energy', 'exercise_time', 'distance']"
939,"['workout_duration', 'active_energy', 'distance']"
940,"['workout_duration', 'active_energy', 'distance']"
941,"['workout_duration', 'avg_hr', 'sleep_duration']"
942,"['workout_duration', 'active_energy', 'sleep_duration']"
943,"['workout_duration', 'avg_hr', 'exercise_time']"
944,"['active_energy', 'workout_duration', 'avg_hr']"
945,"['workout_duration', 'active_energy', 'avg_hr']"
946,"['workout_duration', 'steps', 'avg_hr']"
947,"['active_energy', 'workout_duration', 'avg_hr']"
948,"['workout_duration', 'active_energy', 'distance']"
949,"['workout_duration', 'active_energy', 'avg_hr']"
950,"['active_energy', 'workout_duration', 'resting_hr']"
951,"['workout_duration', 'avg_hr', 'active_energy']"
952,"['active_energy', 'avg_hr', 'workout_duration']"
953,"['workout_duration', 'active_energy', 'steps']"
954,"['workout_duration', 'active_energy', 'avg_hr']"
955,"['workout_duration', 'avg_hr', 'steps']"
956,"['workout_duration', 'avg_hr', 'active_energy']"
957,"['workout_duration', 'sleep_duration', 'exercise_time']"
958,"['workout_duration', 'active_energy', 'distance']"
959,"['workout_duration', 'active_energy', 'steps']"
960,"['active_energy', 'workout_duration', 'steps']"
961,"['avg_hr', 'workout_duration', 'distance']"
962,"['active_energy', 'workout_duration', 'sleep_duration']"
963,"['workout_duration', 'avg_hr', 'exercise_time']"
964,"['workout_duration', 'active_energy', 'resting_hr']"
965,"['active_energy', 'workout_duration', 'avg_hr']"
966,"['workout_duration', 'avg_hr', 'active_energy']"
967,"['workout_duration', 'avg_hr', 'steps']"
968,"['workout_duration', 'distance', 'active_energy']"
969,"['active_energy', 'workout_duration', 'avg_hr']"
970,"['workout_duration', 'avg_hr', 'resting_hr']"
971,"['active_energy', 'workout_duration', 'avg_hr']"
972,"['workout_duration', 'active_energy', 'distance']"
973,"['workout_duration', 'active_energy', 'avg_hr']"
974,"['workout_duration', 'active_energy', 'avg_hr']"
975,"['active_energy', 'avg_hr', 'distance']"
976,"['workout_duration', 'active_energy', 'steps']"
977,"['workout_duration', 'sleep_duration', 'active_energy']"
978,"['workout_duration', 'active_energy', 'avg_hr']"
979,"['active_energy', 'workout_duration', 'avg_hr']"
980,"['workout_duration', 'active_energy', 'resting_hr']"
981,"['workout_duration', 'avg_hr', 'active_energy']"
982,"['active_energy', 'workout_duration', 'resting_hr']"
983,"['workout_duration', 'distance', 'exercise_time']"
984,"['workout_duration', 'active_energy', 'resting_hr']"
985,"['workout_duration', 'steps', 'sleep_duration']"
986,"['active_energy', 'workout_duration', 'steps']"
987,"['workout_duration', 'steps', 'sleep_duration']"
988,"['active_energy', 'workout_duration', 'avg_hr']"
989,"['workout_duration', 'avg_hr', 'active_energy']"
990,"['workout_duration', 'active_energy', 'avg_hr']"
991,"['workout_duration', 'active_energy', 'avg_hr']"
992,"['workout_duration', 'exercise_time', 'steps']"
993,"['active_energy', 'workout_duration', 'resting_hr']"
994,"['workout_duration', 'active_energy', 'exercise_time']"
995,"['active_energy', 'workout_duration', 'avg_hr']"
996,"['active_energy', 'workout_duration', 'distance']"
997,"['avg_hr', 'active_energy', 'workout_duration']"
998,"['avg_hr', 'workout_duration', 'sleep_duration']"
999,"['avg_hr', 'workout_duration', 'active_energy']"
1000,"['workout_duration', 'avg_hr', 'resting_hr']"
1001,"['workout_duration', 'active_energy', 'sleep_duration']"
1002,"['active_energy', 'workout_duration', 'avg_hr']"
1003,"['workout_duration', 'active_energy', 'distance']"
1004,"['workout_duration', 'active_energy', 'distance']"
1005,"['active_energy', 'distance', 'workout_duration']"
1006,"['avg_hr', 'workout_duration', 'steps']"
1007,"['workout_duration', 'avg_hr', 'active_energy']"
1008,"['workout_duration', 'distance', 'avg_hr']"
1009,"['workout_duration', 'active_energy', 'exercise_time']"
1010,"['workout_duration', 'distance', 'active_energy']"
1011,"['active_energy', 'workout_duration', 'avg_hr']"
1012,"['workout_duration', 'active_energy', 'avg_hr']"
1013,"['active_energy', 'workout_duration', 'avg_hr']"
1014,"['active_energy', 'workout_duration', 'avg_hr']"
1015,"['workout_duration', 'avg_hr', 'active_energy']"
1016,"['workout_duration', 'resting_hr', 'active_energy']"
1017,"['workout_duration', 'avg_hr', 'sleep_duration']"
1018,"['avg_hr', 'workout_duration', 'active_energy']"
1019,"['workout_duration', 'active_energy', 'avg_hr']"
1020,"['workout_duration', 'resting_hr', 'active_energy']"
1021,"['workout_duration', 'active_energy', 'avg_hr']"
1022,"['active_energy', 'avg_hr', 'workout_duration']"
1023,"['workout_duration', 'avg_hr', 'active_energy']"
1024,"['workout_duration', 'active_energy', 'avg_hr']"
1025,"['workout_duration', 'active_energy', 'steps']"
1026,"['avg_hr', 'workout_duration', 'active_energy']"
1027,"['workout_duration', 'active_energy', 'sleep_duration']"
1028,"['workout_duration', 'avg_hr', 'resting_hr']"
1029,"['workout_duration', 'steps', 'avg_hr']"
1030,"['workout_duration', 'resting_hr', 'active_energy']"
1031,"['workout_duration', 'active_energy', 'distance']"
1032,"['active_energy', 'workout_duration', 'avg_hr']"
1033,"['workout_duration', 'avg_hr', 'resting_hr']"
1034,"['workout_duration', 'exercise_time', 'avg_hr']"
1035,"['workout_duration', 'active_energy', 'distance']"
1036,"['workout_duration', 'active_energy', 'avg_hr']"
1037,"['workout_duration', 'steps', 'active_energy']"
1038,"['avg_hr', 'distance', 'workout_duration']"
1039,"['active_energy', 'avg_hr', 'workout_duration']"
1040,"['workout_duration', 'steps', 'exercise_time']"
1041,"['avg_hr', 'workout_duration', 'sleep_duration']"
1042,"['workout_duration', 'active_energy', 'exercise_time']"
1043,"['workout_duration', 'active_energy', 'avg_hr']"
1044,"['active_energy', 'workout_duration', 'avg_hr']"
1045,"['workout_duration', 'avg_hr', 'exercise_time']"
1046,"['active_energy', 'workout_duration', 'resting_hr']"
1047,"['workout_duration', 'avg_hr', 'steps']"
1048,"['workout_duration', 'active_energy', 'exercise_time']"
1049,"['workout_duration', 'avg_hr', 'active_energy']"
1050,"['active_energy', 'avg_hr', 'distance']"
1051,"['workout_duration', 'active_energy', 'avg_hr']"
1052,"['workout_duration', 'active_energy', 'avg_hr']"
1053,"['workout_duration', 'avg_hr', 'exercise_time']"
1054,"['active_energy', 'sleep_duration', 'resting_hr']"
1055,"['workout_duration', 'active_energy', 'avg_hr']"
1056,"['workout_duration', 'active_energy', 'steps']"
1057,"['workout_duration', 'active_energy', 'avg_hr']"
1058,"['workout_duration', 'active_energy', 'exercise_time']"
1059,"['avg_hr', 'workout_duration', 'active_energy']"
1060,"['active_energy', 'avg_hr', 'workout_duration']"
1061,"['active_energy', 'workout_duration', 'avg_hr']"
1062,"['workout_duration', 'active_energy', 'exercise_time']"
1063,"['workout_duration', 'active_energy', 'steps']"
1064,"['workout_duration', 'active_energy', 'sleep_duration']"
1065,"['active_energy', 'workout_duration', 'avg_hr']"
1066,"['workout_duration', 'sleep_duration', 'active_energy']"
1067,"['workout_duration', 'active_energy', 'avg_hr']"
1068,"['active_energy', 'workout_duration', 'avg_hr']"
1069,"['active_energy', 'workout_duration', 'avg_hr']"
1070,"['workout_duration', 'active_energy', 'avg_hr']"
1071,"['workout_duration', 'distance', 'resting_hr']"
1072,"['active_energy', 'workout_duration', 'sleep_duration']"
1073,"['active_energy', 'workout_duration', 'distance']"
1074,"['workout_duration', 'steps', 'avg_hr']"
1075,"['workout_duration', 'active_energy', 'avg_hr']"
1076,"['workout_duration', 'avg_hr', 'steps']"
1077,"['workout_duration', 'active_energy', 'avg_hr']"
1078,"['workout_duration', 'active_energy', 'avg_hr']"
1079,"['workout_duration', 'distance', 'active_energy']"
1080,"['active_energy', 'workout_duration', 'distance']"
1081,"['active_energy', 'workout_duration', 'exercise_time']"
1082,"['workout_duration', 'avg_hr', 'steps']"
1083,"['workout_duration', 'active_energy', 'steps']"
1084,"['workout_duration', 'avg_hr', 'resting_hr']"
1085,"['workout_duration', 'avg_hr', 'active_energy']"
1086,"['active_energy', 'workout_duration', 'sleep_duration']"
1087,"['workout_duration', 'exercise_time', 'avg_hr']"
1088,"['workout_duration', 'exercise_time', 'steps']"
1089,"['workout_duration', 'active_energy', 'steps']"
1090,"['workout_duration', 'active_energy', 'avg_hr']"
1091,"['workout_duration', 'active_energy', 'distance']"
1092,"['workout_duration', 'sleep_duration', 'active_energy']"
1093,"['workout_duration', 'active_energy', 'resting_hr']"
1094,"['workout_duration', 'avg_hr', 'exercise_time']"
1095,"['workout_duration', 'avg_hr', 'active_energy']"
1096,"['resting_hr', 'active_energy', 'workout_duration']"
1097,"['workout_duration', 'avg_hr', 'exercise_time']"
1098,"['active_energy', 'avg_hr', 'workout_duration']"
1099,"['workout_duration', 'avg_hr', 'active_energy']"
1100,"['workout_duration', 'sleep_duration', 'active_energy']"
1101,"['workout_duration', 'avg_hr', 'distance']"
1102,"['workout_duration', 'active_energy', 'steps']"
1103,"['active_energy', 'workout_duration', 'avg_hr']"
1104,"['workout_duration', 'active_energy', 'avg_hr']"
1105,"['workout_duration', 'active_energy', 'avg_hr']"
1106,"['active_energy', 'steps', 'workout_duration']"
1107,"['active_energy', 'avg_hr', 'resting_hr']"
1108,"['workout_duration', 'avg_hr', 'active_energy']"
1109,"['workout_duration', 'active_energy', 'avg_hr']"
1110,"['active_energy', 'workout_duration', 'avg_hr']"
1111,"['workout_duration', 'avg_hr', 'active_energy']"
1112,"['workout_duration', 'exercise_time', 'avg_hr']"
1113,"['workout_duration', 'active_energy', 'steps']"
1114,"['workout_duration', 'sleep_duration', 'active_energy']"
1115,"['workout_duration', 'active_energy', 'avg_hr']"
1116,"['active_energy', 'workout_duration', 'avg_hr']"
1117,"['workout_duration', 'active_energy', 'resting_hr']"
1118,"['active_energy', 'workout_duration', 'distance']"
1119,"['workout_duration', 'avg_hr', 'distance']"
1120,"['workout_duration', 'distance', 'active_energy']"
1121,"['workout_duration', 'resting_hr', 'active_energy']"
1122,"['workout_duration', 'active_energy', 'resting_hr']"
1123,"['workout_duration', 'active_energy', 'distance']"
1124,"['workout_duration', 'active_energy', 'resting_hr']"
1125,"['workout_duration', 'avg_hr', 'active_energy']"
1126,"['workout_duration', 'avg_hr', 'distance']"
1127,"['workout_duration', 'active_energy', 'distance']"
1128,"['workout_duration', 'avg_hr', 'active_energy']"
1129,"['workout_duration', 'avg_hr', 'active_energy']"
1130,"['workout_duration', 'active_energy', 'avg_hr']"
1131,"['avg_hr', 'workout_duration', 'active_energy']"
1132,"['active_energy', 'resting_hr', 'steps']"
1133,"['workout_duration', 'active_energy', 'avg_hr']"
1134,"['workout_duration', 'avg_hr', 'distance']"
1135,"['workout_duration', 'avg_hr', 'active_energy']"
1136,"['workout_duration', 'avg_hr', 'exercise_time']"
1137,"['active_energy', 'steps', 'exercise_time']"
1138,"['workout_duration', 'active_energy', 'avg_hr']"
1139,"['active_energy', 'workout_duration', 'avg_hr']"
1140,"['active_energy', 'workout_duration', 'distance']"
1141,"['workout_duration', 'active_energy', 'avg_hr']"
1142,"['workout_duration', 'active_energy', 'distance']"
1143,"['active_energy', 'workout_duration', 'exercise_time']"
1144,"['avg_hr', 'active_energy', 'steps']"
1145,"['active_energy', 'distance', 'workout_duration']"
1146,"['workout_duration', 'steps', 'resting_hr']"
1147,"['workout_duration', 'sleep_duration', 'active_energy']"
1148,"['workout_duration', 'avg_hr', 'active_energy']"
1149,"['workout_duration', 'avg_hr', 'resting_hr']"
1150,"['workout_duration', 'distance', 'active_energy']"
1151,"['workout_duration', 'active_energy', 'resting_hr']"
1152,"['workout_duration', 'avg_hr', 'sleep_duration']"
1153,"['active_energy', 'workout_duration', 'resting_hr']"
1154,"['workout_duration', 'avg_hr', 'active_energy']"
1155,"['workout_duration', 'active_energy', 'avg_hr']"
1156,"['active_energy', 'workout_duration', 'resting_hr']"
1157,"['workout_duration', 'active_energy', 'avg_hr']"
1158,"['active_energy', 'workout_duration', 'exercise_time']"
1159,"['active_energy', 'avg_hr', 'workout_duration']"
1160,"['active_energy', 'workout_duration', 'exercise_time']"
1161,"['active_energy', 'workout_duration', 'steps']"
1162,"['workout_duration', 'avg_hr', 'active_energy']"
1163,"['active_energy', 'workout_duration', 'avg_hr']"
1164,"['active_energy', 'workout_duration', 'steps']"
1165,"['workout_duration', 'active_energy', 'distance']"
1166,"['active_energy', 'workout_duration', 'resting_hr']"
1167,"['workout_duration', 'active_energy', 'avg_hr']"
1168,"['workout_duration', 'sleep_duration', 'active_energy']"
1169,"['workout_duration', 'active_energy', 'sleep_duration']"
1170,"['active_energy', 'avg_hr', 'distance']"
1171,"['workout_duration', 'active_energy', 'avg_hr']"
1172,"['active_energy', 'workout_duration', 'exercise_time']"
1173,"['workout_duration', 'active_energy', 'avg_hr']"
1174,"['active_energy', 'workout_duration', 'avg_hr']"
1175,"['workout_duration', 'distance', 'active_energy']"
1176,"['workout_duration', 'active_energy', 'avg_hr']"
1177,"['workout_duration', 'active_energy', 'sleep_duration']"
1178,"['workout_duration', 'distance', 'active_energy']"
1179,"['active_energy', 'workout_duration', 'avg_hr']"
1180,"['avg_hr', 'workout_duration', 'active_energy']"
1181,"['active_energy', 'steps', 'workout_duration']"
1182,"['active_energy', 'workout_duration', 'distance']"
1183,"['workout_duration', 'active_energy', 'sleep_duration']"
1184,"['workout_duration', 'avg_hr', 'active_energy']"
1185,"['workout_duration', 'avg_hr', 'active_energy']"
1186,"['workout_duration', 'active_energy', 'avg_hr']"
1187,"['active_energy', 'exercise_time', 'workout_duration']"
1188,"['workout_duration', 'active_energy', 'avg_hr']"
1189,"['workout_duration', 'avg_hr', 'exercise_time']"
1190,"['active_energy', 'workout_duration', 'distance']"
1191,"['workout_duration', 'steps', 'active_energy']"
1192,"['active_energy', 'workout_duration', 'exercise_time']"
1193,"['workout_duration', 'active_energy', 'exercise_time']"
1194,"['workout_duration', 'exercise_time', 'resting_hr']"
1195,"['workout_duration', 'active_energy', 'resting_hr']"
1196,"['avg_hr', 'active_energy', 'resting_hr']"
1197,"['workout_duration', 'active_energy', 'resting_hr']"
1198,"['workout_duration', 'active_energy', 'steps']"
1199,"['workout_duration', 'avg_hr', 'active_energy']"
1200,"['active_energy', 'workout_duration', 'sleep_duration']"
1201,"['active_energy', 'workout_duration', 'avg_hr']"
1202,"['active_energy', 'workout_duration', 'avg_hr']"
1203,"['active_energy', 'workout_duration', 'avg_hr']"
1204,"['workout_duration', 'active_energy', 'sleep_duration']"
1205,"['active_energy', 'workout_duration', 'avg_hr']"
1206,"['workout_duration', 'resting_hr', 'active_energy']"
1207,"['workout_duration', 'distance', 'avg_hr']"
1208,"['active_energy', 'distance', 'exercise_time']"
1209,"['workout_duration', 'sleep_duration', 'active_energy']"
1210,"['workout_duration', 'sleep_duration', 'avg_hr']"
1211,"['workout_duration', 'active_energy', 'avg_hr']"
1212,"['active_energy', 'avg_hr', 'workout_duration']"
1213,"['workout_duration', 'steps', 'avg_hr']"
1214,"['workout_duration', 'active_energy', 'avg_hr']"
1215,"['workout_duration', 'exercise_time', 'active_energy']"
1216,"['active_energy', 'workout_duration', 'sleep_duration']"
1217,"['active_energy', 'workout_duration', 'steps']"
1218,"['active_energy', 'workout_duration', 'avg_hr']"
1219,"['workout_duration', 'active_energy', 'distance']"
1220,"['workout_duration', 'active_energy', 'steps']"
1221,"['workout_duration', 'active_energy', 'avg_hr']"
1222,"['workout_duration', 'active_energy', 'exercise_time']"
1223,"['active_energy', 'workout_duration', 'resting_hr']"
1224,"['workout_duration', 'active_energy', 'resting_hr']"
1225,"['workout_duration', 'active_energy', 'avg_hr']"
1226,"['workout_duration', 'active_energy', 'avg_hr']"
1227,"['active_energy', 'workout_duration', 'exercise_time']"
1228,"['avg_hr', 'active_energy', 'workout_duration']"
1229,"['workout_duration', 'active_energy', 'avg_hr']"
1230,"['workout_duration', 'steps', 'active_energy']"
1231,"['active_energy', 'workout_duration', 'distance']"
1232,"['workout_duration', 'active_energy', 'avg_hr']"
1233,"['workout_duration', 'avg_hr', 'active_energy']"
1234,"['workout_duration', 'active_energy', 'sleep_duration']"
1235,"['workout_duration', 'avg_hr', 'active_energy']"
1236,"['avg_hr', 'workout_duration', 'resting_hr']"
1237,"['workout_duration', 'active_energy', 'sleep_duration']"
1238,"['workout_duration', 'sleep_duration', 'resting_hr']"
1239,"['workout_duration', 'active_energy', 'sleep_duration']"
1240,"['workout_duration', 'avg_hr', 'active_energy']"
1241,"['avg_hr', 'workout_duration', 'active_energy']"
1242,"['workout_duration', 'active_energy', 'resting_hr']"
1243,"['workout_duration', 'avg_hr', 'active_energy']"
1244,"['workout_duration', 'resting_hr', 'active_energy']"
1245,"['avg_hr', 'active_energy', 'workout_duration']"
1246,"['workout_duration', 'active_energy', 'steps']"
1247,"['workout_duration', 'active_energy', 'steps']"
1248,"['workout_duration', 'active_energy', 'exercise_time']"
1249,"['workout_duration', 'active_energy', 'distance']"
1250,"['workout_duration', 'avg_hr', 'distance']"
1251,"['workout_duration', 'active_energy', 'sleep_duration']"
1252,"['workout_duration', 'steps', 'distance']"
1253,"['active_energy', 'workout_duration', 'avg_hr']"
1254,"['avg_hr', 'active_energy', 'workout_duration']"
1255,"['active_energy', 'workout_duration', 'sleep_duration']"
1256,"['workout_duration', 'active_energy', 'resting_hr']"
1257,"['workout_duration', 'avg_hr', 'active_energy']"
1258,"['workout_duration', 'active_energy', 'distance']"
1259,"['avg_hr', 'active_energy', 'workout_duration']"
1260,"['workout_duration', 'active_energy', 'avg_hr']"
1261,"['workout_duration', 'avg_hr', 'sleep_duration']"
1262,"['workout_duration', 'active_energy', 'resting_hr']"
1263,"['steps', 'resting_hr', 'workout_duration']"
1264,"['workout_duration', 'avg_hr', 'active_energy']"
1265,"['workout_duration', 'avg_hr', 'active_energy']"
1266,"['active_energy', 'workout_duration', 'exercise_time']"
1267,"['workout_duration', 'active_energy', 'sleep_duration']"
1268,"['workout_duration', 'active_energy', 'distance']"
1269,"['workout_duration', 'active_energy', 'exercise_time']"
1270,"['active_energy', 'workout_duration', 'steps']"
1271,"['workout_duration', 'avg_hr', 'steps']"
1272,"['workout_duration', 'active_energy', 'sleep_duration']"
1273,"['workout_duration', 'active_energy', 'steps']"
1274,"['workout_duration', 'active_energy', 'exercise_time']"
1275,"['active_energy', 'workout_duration', 'exercise_time']"
1276,"['active_energy', 'workout_duration', 'exercise_time']"
1277,"['workout_duration', 'active_energy', 'avg_hr']"
1278,"['workout_duration', 'active_energy', 'exercise_time']"
1279,"['active_energy', 'workout_duration', 'exercise_time']"
1280,"['distance', 'workout_duration', 'active_energy']"
1281,"['workout_duration', 'sleep_duration', 'active_energy']"
1282,"['workout_duration', 'active_energy', 'sleep_duration']"
1283,"['workout_duration', 'active_energy', 'avg_hr']"
1284,"['workout_duration', 'avg_hr', 'sleep_duration']"
1285,"['workout_duration', 'avg_hr', 'active_energy']"
1286,"['workout_duration', 'active_energy', 'avg_hr']"
1287,"['active_energy', 'avg_hr', 'workout_duration']"
1288,"['workout_duration', 'active_energy', 'distance']"
1289,"['workout_duration', 'active_energy', 'steps']"
1290,"['active_energy', 'workout_duration', 'exercise_time']"
1291,"['workout_duration', 'active_energy', 'steps']"
1292,"['workout_duration', 'active_energy', 'avg_hr']"
1293,"['active_energy', 'workout_duration', 'avg_hr']"
1294,"['workout_duration', 'active_energy', 'exercise_time']"
1295,"['avg_hr', 'active_energy', 'workout_duration']"
1296,"['workout_duration', 'exercise_time', 'active_energy']"
1297,"['avg_hr', 'workout_duration', 'active_energy']"
1298,"['active_energy', 'workout_duration', 'resting_hr']"
1299,"['workout_duration', 'resting_hr', 'exercise_time']"
1300,"['workout_duration', 'resting_hr', 'active_energy']"
1301,"['workout_duration', 'active_energy', 'distance']"
1302,"['active_energy', 'workout_duration', 'resting_hr']"
1303,"['workout_duration', 'active_energy', 'resting_hr']"
1304,"['workout_duration', 'active_energy', 'avg_hr']"
1305,"['workout_duration', 'active_energy', 'sleep_duration']"
1306,"['active_energy', 'workout_duration', 'avg_hr']"
1307,"['workout_duration', 'avg_hr', 'active_energy']"
1308,"['active_energy', 'sleep_duration', 'avg_hr']"
1309,"['workout_duration', 'active_energy', 'avg_hr']"
1310,"['workout_duration', 'active_energy', 'sleep_duration']"
1311,"['workout_duration', 'active_energy', 'sleep_duration']"
1312,"['workout_duration', 'avg_hr', 'active_energy']"
1313,"['workout_duration', 'active_energy', 'steps']"
1314,"['active_energy', 'workout_duration', 'avg_hr']"
1315,"['workout_duration', 'active_energy', 'exercise_time']"
1316,"['avg_hr', 'workout_duration', 'active_energy']"
1317,"['workout_duration', 'active_energy', 'sleep_duration']"
1318,"['workout_duration', 'active_energy', 'avg_hr']"
1319,"['active_energy', 'workout_duration', 'distance']"
1320,"['workout_duration', 'active_energy', 'exercise_time']"
1321,"['avg_hr', 'workout_duration', 'active_energy']"
1322,"['workout_duration', 'exercise_time', 'distance']"
1323,"['workout_duration', 'distance', 'avg_hr']"
1324,"['avg_hr', 'distance', 'exercise_time']"
1325,"['workout_duration', 'active_energy', 'distance']"
1326,"['workout_duration', 'active_energy', 'steps']"
1327,"['workout_duration', 'active_energy', 'avg_hr']"
1328,"['active_energy', 'workout_duration', 'resting_hr']"
1329,"['workout_duration', 'avg_hr', 'sleep_duration']"
1330,"['active_energy', 'workout_duration', 'sleep_duration']"
1331,"['workout_duration', 'sleep_duration', 'distance']"
1332,"['workout_duration', 'sleep_duration', 'exercise_time']"
1333,"['workout_duration', 'active_energy', 'avg_hr']"
1334,"['workout_duration', 'distance', 'avg_hr']"
1335,"['workout_duration', 'active_energy', 'avg_hr']"
1336,"['workout_duration', 'active_energy', 'steps']"
1337,"['workout_duration', 'sleep_duration', 'active_energy']"
1338,"['workout_duration', 'active_energy', 'steps']"
1339,"['workout_duration', 'exercise_time', 'distance']"
1340,"['active_energy', 'workout_duration', 'avg_hr']"
1341,"['workout_duration', 'active_energy', 'avg_hr']"
1342,"['workout_duration', 'distance', 'active_energy']"
1343,"['workout_duration', 'active_energy', 'avg_hr']"
1344,"['workout_duration', 'active_energy', 'steps']"
1345,"['active_energy', 'workout_duration', 'avg_hr']"
1346,"['active_energy', 'workout_duration', 'steps']"
1347,"['workout_duration', 'active_energy', 'avg_hr']"
1348,"['workout_duration', 'active_energy', 'avg_hr']"
1349,"['workout_duration', 'active_energy', 'steps']"
1350,"['active_energy', 'workout_duration', 'resting_hr']"
1351,"['active_energy', 'workout_duration', 'distance']"
1352,"['active_energy', 'workout_duration', 'avg_hr']"
1353,"['active_energy', 'distance', 'workout_duration']"
1354,"['workout_duration', 'active_energy', 'exercise_time']"
1355,"['workout_duration', 'active_energy', 'resting_hr']"
1356,"['workout_duration', 'active_energy', 'exercise_time']"
1357,"['active_energy', 'avg_hr', 'workout_duration']"
1358,"['active_energy', 'workout_duration', 'resting_hr']"
1359,"['workout_duration', 'avg_hr', 'sleep_duration']"
1360,"['workout_duration', 'distance', 'active_energy']"
1361,"['active_energy', 'workout_duration', 'resting_hr']"
1362,"['active_energy', 'workout_duration', 'avg_hr']"
1363,"['workout_duration', 'steps', 'active_energy']"
1364,"['workout_duration', 'avg_hr', 'active_energy']"
1365,"['workout_duration', 'active_energy', 'exercise_time']"
1366,"['workout_duration', 'active_energy', 'avg_hr']"
1367,"['workout_duration', 'active_energy', 'avg_hr']"
1368,"['avg_hr', 'active_energy', 'workout_duration']"
1369,"['avg_hr', 'workout_duration', 'active_energy']"
1370,"['steps', 'workout_duration', 'avg_hr']"
1371,"['workout_duration', 'resting_hr', 'sleep_duration']"
1372,"['workout_duration', 'distance', 'active_energy']"
1373,"['workout_duration', 'resting_hr', 'avg_hr']"
1374,"['workout_duration', 'active_energy', 'distance']"
1375,"['active_energy', 'avg_hr', 'steps']"
1376,"['workout_duration', 'active_energy', 'distance']"
1377,"['workout_duration', 'active_energy', 'exercise_time']"
1378,"['workout_duration', 'active_energy', 'avg_hr']"
1379,"['workout_duration', 'active_energy', 'distance']"
1380,"['active_energy', 'workout_duration', 'avg_hr']"
1381,"['workout_duration', 'avg_hr', 'active_energy']"
1382,"['avg_hr', 'active_energy', 'workout_duration']"
1383,"['avg_hr', 'workout_duration', 'active_energy']"
1384,"['active_energy', 'workout_duration', 'resting_hr']"
1385,"['active_energy', 'workout_duration', 'resting_hr']"
1386,"['active_energy', 'distance', 'workout_duration']"
1387,"['active_energy', 'avg_hr', 'workout_duration']"
1388,"['active_energy', 'workout_duration', 'resting_hr']"
1389,"['workout_duration', 'avg_hr', 'active_energy']"
1390,"['workout_duration', 'avg_hr', 'active_energy']"
1391,"['workout_duration', 'resting_hr', 'active_energy']"
1392,"['workout_duration', 'distance', 'steps']"
1393,"['workout_duration', 'exercise_time', 'active_energy']"
1394,"['avg_hr', 'active_energy', 'workout_duration']"
1395,"['workout_duration', 'distance', 'active_energy']"
1396,"['workout_duration', 'steps', 'active_energy']"
1397,"['workout_duration', 'exercise_time', 'sleep_duration']"
1398,"['active_energy', 'workout_duration', 'steps']"
1399,"['active_energy', 'workout_duration', 'avg_hr']"
1400,"['workout_duration', 'active_energy', 'resting_hr']"
1401,"['resting_hr', 'active_energy', 'workout_duration']"
1402,"['active_energy', 'avg_hr', 'workout_duration']"
1403,"['avg_hr', 'workout_duration', 'resting_hr']"
1404,"['workout_duration', 'distance', 'avg_hr']"
1405,"['workout_duration', 'active_energy', 'avg_hr']"
1406,"['workout_duration', 'active_energy', 'avg_hr']"
1407,"['active_energy', 'exercise_time', 'workout_duration']"
1408,"['workout_duration', 'avg_hr', 'active_energy']"
1409,"['workout_duration', 'avg_hr', 'steps']"
1410,"['active_energy', 'exercise_time', 'avg_hr']"
1411,"['workout_duration', 'resting_hr', 'active_energy']"
1412,"['workout_duration', 'avg_hr', 'active_energy']"
1413,"['workout_duration', 'active_energy', 'avg_hr']"
1414,"['avg_hr', 'active_energy', 'steps']"
1415,"['workout_duration', 'active_energy', 'avg_hr']"
1416,"['workout_duration', 'active_energy', 'avg_hr']"
1417,"['avg_hr', 'active_energy', 'resting_hr']"
1418,"['active_energy', 'workout_duration', 'avg_hr']"
1419,"['workout_duration', 'resting_hr', 'steps']"
1420,"['active_energy', 'workout_duration', 'sleep_duration']"
1421,"['workout_duration', 'avg_hr', 'sleep_duration']"
1422,"['workout_duration', 'resting_hr', 'active_energy']"
1423,"['workout_duration', 'avg_hr', 'resting_hr']"
1424,"['workout_duration', 'steps', 'active_energy']"
1425,"['avg_hr', 'active_energy', 'workout_duration']"
1426,"['workout_duration', 'active_energy', 'steps']"
1427,"['workout_duration', 'avg_hr', 'resting_hr']"
1428,"['workout_duration', 'exercise_time', 'active_energy']"
1429,"['workout_duration', 'active_energy', 'exercise_time']"
1430,"['active_energy', 'workout_duration', 'exercise_time']"
1431,"['workout_duration', 'avg_hr', 'steps']"
1432,"['workout_duration', 'active_energy', 'avg_hr']"
1433,"['workout_duration', 'active_energy', 'steps']"
1434,"['active_energy', 'sleep_duration', 'workout_duration']"
1435,"['workout_duration', 'active_energy', 'resting_hr']"
1436,"['workout_duration', 'steps', 'avg_hr']"
1437,"['workout_duration', 'active_energy', 'avg_hr']"
1438,"['workout_duration', 'active_energy', 'resting_hr']"
1439,"['workout_duration', 'active_energy', 'avg_hr']"
1440,"['workout_duration', 'exercise_time', 'active_energy']"
1441,"['workout_duration', 'avg_hr', 'active_energy']"
1442,"['active_energy', 'avg_hr', 'workout_duration']"
1443,"['workout_duration', 'active_energy', 'sleep_duration']"
1444,"['workout_duration', 'active_energy', 'exercise_time']"
1445,"['active_energy', 'workout_duration', 'avg_hr']"
1446,"['avg_hr', 'active_energy', 'workout_duration']"
1447,"['active_energy', 'workout_duration', 'sleep_duration']"
1448,"['workout_duration', 'resting_hr', 'active_energy']"
1449,"['workout_duration', 'active_energy', 'avg_hr']"
1450,"['workout_duration', 'active_energy', 'avg_hr']"
1451,"['active_energy', 'workout_duration', 'avg_hr']"
1452,"['workout_duration', 'avg_hr', 'active_energy']"
1453,"['workout_duration', 'avg_hr', 'active_energy']"
1454,"['workout_duration', 'active_energy', 'exercise_time']"
1455,"['workout_duration', 'distance', 'avg_hr']"
1456,"['workout_duration', 'avg_hr', 'active_energy']"
1457,"['workout_duration', 'distance', 'avg_hr']"
1458,"['active_energy', 'workout_duration', 'avg_hr']"
1459,"['workout_duration', 'active_energy', 'avg_hr']"
1460,"['workout_duration', 'active_energy', 'avg_hr']"
1461,"['workout_duration', 'avg_hr', 'active_energy']"
1462,"['active_energy', 'workout_duration', 'sleep_duration']"
1463,"['active_energy', 'avg_hr', 'workout_duration']"
1464,"['workout_duration', 'active_energy', 'avg_hr']"
1465,"['workout_duration', 'active_energy', 'avg_hr']"
1466,"['workout_duration', 'active_energy', 'distance']"
1467,"['workout_duration', 'avg_hr', 'active_energy']"
1468,"['workout_duration', 'distance', 'active_energy']"
1469,"['active_energy', 'sleep_duration', 'exercise_time']"
1470,"['workout_duration', 'resting_hr', 'active_energy']"
1471,"['workout_duration', 'distance', 'active_energy']"
1472,"['workout_duration', 'active_energy', 'exercise_time']"
1473,"['active_energy', 'workout_duration', 'resting_hr']"
1474,"['workout_duration', 'sleep_duration', 'avg_hr']"
1475,"['active_energy', 'avg_hr', 'workout_duration']"
1476,"['avg_hr', 'steps', 'active_energy']"
1477,"['workout_duration', 'active_energy', 'avg_hr']"
1478,"['workout_duration', 'active_energy', 'steps']"
1479,"['active_energy', 'workout_duration', 'resting_hr']"
1480,"['active_energy', 'distance', 'resting_hr']"
1481,"['workout_duration', 'active_energy', 'resting_hr']"
1482,"['active_energy', 'workout_duration', 'sleep_duration']"
1483,"['workout_duration', 'resting_hr', 'active_energy']"
1484,"['workout_duration', 'avg_hr', 'steps']"
1485,"['workout_duration', 'exercise_time', 'distance']"
1486,"['avg_hr', 'workout_duration', 'active_energy']"
1487,"['workout_duration', 'exercise_time', 'avg_hr']"
1488,"['workout_duration', 'avg_hr', 'active_energy']"
1489,"['distance', 'active_energy', 'exercise_time']"
1490,"['workout_duration', 'distance', 'avg_hr']"
1491,"['workout_duration', 'avg_hr', 'distance']"
1492,"['workout_duration', 'active_energy', 'steps']"
1493,"['active_energy', 'workout_duration', 'avg_hr']"
1494,"['active_energy', 'workout_duration', 'avg_hr']"
1495,"['workout_duration', 'sleep_duration', 'steps']"
1496,"['workout_duration', 'resting_hr', 'sleep_duration']"
1497,"['workout_duration', 'active_energy', 'avg_hr']"
1498,"['workout_duration', 'active_energy', 'distance']"
1499,"['workout_duration', 'active_energy', 'exercise_time']"
1500,"['workout_duration', 'active_energy', 'avg_hr']"
1501,"['workout_duration', 'active_energy', 'exercise_time']"
1502,"['workout_duration', 'active_energy', 'avg_hr']"
1503,"['workout_duration', 'active_energy', 'exercise_time']"
1504,"['sleep_duration', 'active_energy', 'workout_duration']"
1505,"['active_energy', 'avg_hr', 'workout_duration']"
1506,"['workout_duration', 'active_energy', 'sleep_duration']"
1507,"['active_energy', 'avg_hr', 'workout_duration']"
1508,"['workout_duration', 'active_energy', 'sleep_duration']"
1509,"['active_energy', 'workout_duration', 'exercise_time']"
1510,"['workout_duration', 'sleep_duration', 'active_energy']"
1511,"['active_energy', 'steps', 'workout_duration']"
1512,"['steps', 'workout_duration', 'avg_hr']"
1513,"['workout_duration', 'active_energy', 'exercise_time']"
1514,"['workout_duration', 'avg_hr', 'resting_hr']"
1515,"['sleep_duration', 'active_energy', 'workout_duration']"
1516,"['workout_duration', 'sleep_duration', 'active_energy']"
1517,"['workout_duration', 'active_energy', 'exercise_time']"
1518,"['workout_duration', 'active_energy', 'steps']"
1519,"['active_energy', 'avg_hr', 'workout_duration']"
1520,"['workout_duration', 'active_energy', 'avg_hr']"
1521,"['workout_duration', 'active_energy', 'steps']"
1522,"['workout_duration', 'active_energy', 'exercise_time']"
1523,"['resting_hr', 'workout_duration', 'avg_hr']"
1524,"['workout_duration', 'active_energy', 'avg_hr']"
1525,"['workout_duration', 'active_energy', 'avg_hr']"
1526,"['steps', 'active_energy', 'workout_duration']"
1527,"['workout_duration', 'distance', 'exercise_time']"
1528,"['workout_duration', 'active_energy', 'sleep_duration']"
1529,"['workout_duration', 'avg_hr', 'active_energy']"
1530,"['workout_duration', 'distance', 'active_energy']"
1531,"['workout_duration', 'avg_hr', 'active_energy']"
1532,"['workout_duration', 'active_energy', 'avg_hr']"
1533,"['workout_duration', 'exercise_time', 'sleep_duration']"
1534,"['workout_duration', 'active_energy', 'steps']"
1535,"['workout_duration', 'active_energy', 'avg_hr']"
1536,"['workout_duration', 'avg_hr', 'exercise_time']"
1537,"['active_energy', 'steps', 'workout_duration']"
1538,"['active_energy', 'resting_hr', 'workout_duration']"
1539,"['active_energy', 'workout_duration', 'steps']"
1540,"['active_energy', 'workout_duration', 'distance']"
1541,"['workout_duration', 'active_energy', 'avg_hr']"
1542,"['active_energy', 'workout_duration', 'exercise_time']"
1543,"['workout_duration', 'active_energy', 'sleep_duration']"
1544,"['active_energy', 'workout_duration', 'avg_hr']"
1545,"['workout_duration', 'avg_hr', 'active_energy']"
1546,"['workout_duration', 'distance', 'active_energy']"
1547,"['workout_duration', 'active_energy', 'distance']"
1548,"['active_energy', 'workout_duration', 'avg_hr']"
1549,"['workout_duration', 'active_energy', 'avg_hr']"
1550,"['avg_hr', 'workout_duration', 'active_energy']"
1551,"['workout_duration', 'active_energy', 'resting_hr']"
1552,"['workout_duration', 'active_energy', 'exercise_time']"
1553,"['workout_duration', 'active_energy', 'exercise_time']"
1554,"['workout_duration', 'exercise_time', 'avg_hr']"
1555,"['avg_hr', 'workout_duration', 'exercise_time']"
1556,"['avg_hr', 'workout_duration', 'steps']"
1557,"['workout_duration', 'exercise_time', 'steps']"
1558,"['active_energy', 'workout_duration', 'exercise_time']"
1559,"['active_energy', 'workout_duration', 'distance']"
1560,"['workout_duration', 'active_energy', 'exercise_time']"
1561,"['workout_duration', 'active_energy', 'avg_hr']"
1562,"['workout_duration', 'sleep_duration', 'exercise_time']"
1563,"['workout_duration', 'avg_hr', 'sleep_duration']"
1564,"['workout_duration', 'avg_hr', 'resting_hr']"
1565,"['avg_hr', 'workout_duration', 'active_energy']"
1566,"['workout_duration', 'avg_hr', 'steps']"
1567,"['avg_hr', 'active_energy', 'workout_duration']"
1568,"['workout_duration', 'distance', 'active_energy']"
1569,"['workout_duration', 'active_energy', 'resting_hr']"
1570,"['workout_duration', 'active_energy', 'exercise_time']"
1571,"['workout_duration', 'exercise_time', 'avg_hr']"
1572,"['workout_duration', 'active_energy', 'resting_hr']"
1573,"['workout_duration', 'steps', 'avg_hr']"
1574,"['active_energy', 'workout_duration', 'steps']"
1575,"['workout_duration', 'active_energy', 'avg_hr']"
1576,"['workout_duration', 'avg_hr', 'active_energy']"
1577,"['avg_hr', 'active_energy', 'distance']"
1578,"['active_energy', 'workout_duration', 'avg_hr']"
1579,"['workout_duration', 'active_energy', 'steps']"
1580,"['active_energy', 'workout_duration', 'exercise_time']"
1581,"['active_energy', 'avg_hr', 'distance']"
1582,"['workout_duration', 'active_energy', 'distance']"
1583,"['active_energy', 'avg_hr', 'workout_duration']"
1584,"['workout_duration', 'active_energy', 'avg_hr']"
1585,"['active_energy', 'workout_duration', 'steps']"
1586,"['workout_duration', 'active_energy', 'avg_hr']"
1587,"['workout_duration', 'exercise_time', 'steps']"
1588,"['active_energy', 'workout_duration', 'sleep_duration']"
1589,"['workout_duration', 'avg_hr', 'sleep_duration']"
1590,"['workout_duration', 'sleep_duration', 'distance']"
1591,"['workout_duration', 'avg_hr', 'resting_hr']"
1592,"['workout_duration', 'sleep_duration', 'steps']"
1593,"['avg_hr', 'workout_duration', 'active_energy']"
1594,"['distance', 'workout_duration', 'active_energy']"
1595,"['workout_duration', 'steps', 'active_energy']"
1596,"['workout_duration', 'active_energy', 'avg_hr']"
1597,"['workout_duration', 'steps', 'avg_hr']"
1598,"['workout_duration', 'active_energy', 'resting_hr']"
1599,"['workout_duration', 'resting_hr', 'exercise_time']"
1600,"['active_energy', 'workout_duration', 'sleep_duration']"
1601,"['avg_hr', 'workout_duration', 'steps']"
1602,"['workout_duration', 'sleep_duration', 'active_energy']"
1603,"['workout_duration', 'steps', 'active_energy']"
1604,"['workout_duration', 'active_energy', 'resting_hr']"
1605,"['workout_duration', 'active_energy', 'resting_hr']"
1606,"['workout_duration', 'avg_hr', 'active_energy']"
1607,"['workout_duration', 'active_energy', 'avg_hr']"
1608,"['avg_hr', 'workout_duration', 'resting_hr']"
1609,"['active_energy', 'workout_duration', 'avg_hr']"
1610,"['active_energy', 'workout_duration', 'avg_hr']"
1611,"['workout_duration', 'active_energy', 'sleep_duration']"
1612,"['workout_duration', 'active_energy', 'exercise_time']"
1613,"['active_energy', 'avg_hr', 'workout_duration']"
1614,"['active_energy', 'workout_duration', 'exercise_time']"
1615,"['workout_duration', 'steps', 'active_energy']"
1616,"['active_energy', 'workout_duration', 'resting_hr']"
1617,"['active_energy', 'workout_duration', 'avg_hr']"
1618,"['workout_duration', 'active_energy', 'resting_hr']"
1619,"['avg_hr', 'active_energy', 'workout_duration']"
1620,"['workout_duration', 'active_energy', 'avg_hr']"
1621,"['workout_duration', 'active_energy', 'distance']"
1622,"['active_energy', 'workout_duration', 'resting_hr']"
1623,"['workout_duration', 'active_energy', 'distance']"
1624,"['active_energy', 'workout_duration', 'steps']"
1625,"['workout_duration', 'exercise_time', 'active_energy']"
1626,"['active_energy', 'workout_duration', 'exercise_time']"
1627,"['workout_duration', 'distance', 'resting_hr']"
1628,"['active_energy', 'workout_duration', 'exercise_time']"
1629,"['workout_duration', 'active_energy', 'steps']"
1630,"['workout_duration', 'active_energy', 'steps']"
1631,"['active_energy', 'avg_hr', 'workout_duration']"
1632,"['workout_duration', 'distance', 'sleep_duration']"
1633,"['workout_duration', 'avg_hr', 'active_energy']"
1634,"['active_energy', 'workout_duration', 'avg_hr']"
1635,"['workout_duration', 'active_energy', 'avg_hr']"
1636,"['workout_duration', 'sleep_duration', 'distance']"
1637,"['workout_duration', 'steps', 'avg_hr']"
1638,"['avg_hr', 'workout_duration', 'steps']"
1639,"['workout_duration', 'avg_hr', 'steps']"
1640,"['active_energy', 'workout_duration', 'sleep_duration']"
1641,"['workout_duration', 'steps', 'active_energy']"
1642,"['active_energy', 'workout_duration', 'avg_hr']"
1643,"['workout_duration', 'avg_hr', 'exercise_time']"
1644,"['workout_duration', 'active_energy', 'steps']"
1645,"['active_energy', 'avg_hr', 'workout_duration']"
1646,"['avg_hr', 'workout_duration', 'distance']"
1647,"['active_energy', 'steps', 'avg_hr']"
1648,"['active_energy', 'avg_hr', 'workout_duration']"
1649,"['workout_duration', 'active_energy', 'avg_hr']"
1650,"['avg_hr', 'active_energy', 'exercise_time']"
1651,"['active_energy', 'workout_duration', 'avg_hr']"
1652,"['workout_duration', 'steps', 'active_energy']"
1653,"['workout_duration', 'avg_hr', 'steps']"
1654,"['workout_duration', 'active_energy', 'steps']"
1655,"['workout_duration', 'active_energy', 'avg_hr']"
1656,"['workout_duration', 'active_energy', 'avg_hr']"
1657,"['active_energy', 'exercise_time', 'workout_duration']"
1658,"['workout_duration', 'distance', 'exercise_time']"
1659,"['workout_duration', 'distance', 'active_energy']"
1660,"['workout_duration', 'distance', 'avg_hr']"
1661,"['workout_duration', 'active_energy', 'sleep_duration']"
1662,"['workout_duration', 'avg_hr', 'distance']"
1663,"['workout_duration', 'active_energy', 'resting_hr']"
1664,"['workout_duration', 'avg_hr', 'distance']"
1665,"['workout_duration', 'active_energy', 'distance']"
1666,"['workout_duration', 'avg_hr', 'active_energy']"
1667,"['workout_duration', 'avg_hr', 'active_energy']"
1668,"['workout_duration', 'avg_hr', 'active_energy']"
1669,"['active_energy', 'workout_duration', 'avg_hr']"
1670,"['active_energy', 'workout_duration', 'avg_hr']"
1671,"['workout_duration', 'active_energy', 'exercise_time']"
1672,"['active_energy', 'workout_duration', 'resting_hr']"
1673,"['workout_duration', 'active_energy', 'avg_hr']"
1674,"['active_energy', 'workout_duration', 'exercise_time']"
1675,"['workout_duration', 'steps', 'active_energy']"
1676,"['active_energy', 'exercise_time', 'resting_hr']"
1677,"['workout_duration', 'active_energy', 'steps']"
1678,"['active_energy', 'workout_duration', 'avg_hr']"
1679,"['workout_duration', 'avg_hr', 'active_energy']"
1680,"['active_energy', 'workout_duration', 'resting_hr']"
1681,"['workout_duration', 'distance', 'resting_hr']"
1682,"['workout_duration', 'active_energy', 'avg_hr']"
1683,"['workout_duration', 'avg_hr', 'resting_hr']"
1684,"['active_energy', 'avg_hr', 'workout_duration']"
1685,"['avg_hr', 'active_energy', 'resting_hr']"
1686,"['workout_duration', 'avg_hr', 'active_energy']"
1687,"['avg_hr', 'workout_duration', 'steps']"
1688,"['workout_duration', 'active_energy', 'avg_hr']"
1689,"['workout_duration', 'active_energy', 'avg_hr']"
1690,"['active_energy', 'workout_duration', 'steps']"
1691,"['workout_duration', 'active_energy', 'steps']"
1692,"['workout_duration', 'exercise_time', 'avg_hr']"
1693,"['workout_duration', 'avg_hr', 'active_energy']"
1694,"['active_energy', 'workout_duration', 'resting_hr']"
1695,"['workout_duration', 'avg_hr', 'active_energy']"
1696,"['workout_duration', 'active_energy', 'distance']"
1697,"['workout_duration', 'active_energy', 'avg_hr']"
1698,"['active_energy', 'workout_duration', 'avg_hr']"
1699,"['sleep_duration', 'workout_duration', 'active_energy']"
1700,"['workout_duration', 'avg_hr', 'active_energy']"
1701,"['workout_duration', 'exercise_time', 'active_energy']"
1702,"['workout_duration', 'active_energy', 'exercise_time']"
1703,"['workout_duration', 'distance', 'active_energy']"
1704,"['workout_duration', 'active_energy', 'avg_hr']"
1705,"['active_energy', 'workout_duration', 'avg_hr']"
1706,"['workout_duration', 'active_energy', 'steps']"
1707,"['workout_duration', 'avg_hr', 'active_energy']"
1708,"['workout_duration', 'exercise_time', 'distance']"
1709,"['workout_duration', 'avg_hr', 'active_energy']"
1710,"['active_energy', 'avg_hr', 'workout_duration']"
1711,"['workout_duration', 'active_energy', 'avg_hr']"
1712,"['workout_duration', 'avg_hr', 'steps']"
1713,"['workout_duration', 'active_energy', 'exercise_time']"
1714,"['workout_duration', 'avg_hr', 'active_energy']"
1715,"['workout_duration', 'active_energy', 'avg_hr']"
1716,"['workout_duration', 'active_energy', 'resting_hr']"
1717,"['workout_duration', 'resting_hr', 'distance']"
1718,"['workout_duration', 'distance', 'exercise_time']"
1719,"['workout_duration', 'active_energy', 'distance']"
1720,"['workout_duration', 'active_energy', 'avg_hr']"
1721,"['workout_duration', 'avg_hr', 'active_energy']"
1722,"['workout_duration', 'active_energy', 'distance']"
1723,"['avg_hr', 'active_energy', 'workout_duration']"
1724,"['active_energy', 'workout_duration', 'avg_hr']"
1725,"['workout_duration', 'active_energy', 'avg_hr']"
1726,"['workout_duration', 'active_energy', 'avg_hr']"
1727,"['workout_duration', 'avg_hr', 'resting_hr']"
1728,"['avg_hr', 'active_energy', 'workout_duration']"
1729,"['workout_duration', 'active_energy', 'steps']"
1730,"['active_energy', 'avg_hr', 'workout_duration']"
1731,"['workout_duration', 'active_energy', 'avg_hr']"
1732,"['active_energy', 'resting_hr', 'steps']"
1733,"['workout_duration', 'avg_hr', 'steps']"
1734,"['active_energy', 'workout_duration', 'steps']"
1735,"['active_energy', 'workout_duration', 'sleep_duration']"
1736,"['workout_duration', 'active_energy', 'distance']"
1737,"['active_energy', 'avg_hr', 'workout_duration']"
1738,"['workout_duration', 'active_energy', 'avg_hr']"
1739,"['workout_duration', 'avg_hr', 'steps']"
1740,"['workout_duration', 'active_energy', 'steps']"
1741,"['workout_duration', 'avg_hr', 'active_energy']"
1742,"['active_energy', 'workout_duration', 'resting_hr']"
1743,"['workout_duration', 'active_energy', 'distance']"
1744,"['workout_duration', 'active_energy', 'resting_hr']"
1745,"['workout_duration', 'active_energy', 'resting_hr']"
1746,"['workout_duration', 'steps', 'sleep_duration']"
1747,"['workout_duration', 'active_energy', 'avg_hr']"
1748,"['workout_duration', 'active_energy', 'avg_hr']"
1749,"['workout_duration', 'active_energy', 'avg_hr']"
1750,"['workout_duration', 'active_energy', 'avg_hr']"
1751,"['active_energy', 'workout_duration', 'avg_hr']"
1752,"['workout_duration', 'resting_hr', 'avg_hr']"
1753,"['workout_duration', 'steps', 'avg_hr']"
1754,"['workout_duration', 'active_energy', 'exercise_time']"
1755,"['workout_duration', 'exercise_time', 'active_energy']"
1756,"['active_energy', 'workout_duration', 'distance']"
1757,"['exercise_time', 'workout_duration', 'steps']"
1758,"['workout_duration', 'avg_hr', 'active_energy']"
1759,"['active_energy', 'workout_duration', 'avg_hr']"
1760,"['workout_duration', 'avg_hr', 'active_energy']"
1761,"['workout_duration', 'active_energy', 'exercise_time']"
1762,"['workout_duration', 'active_energy', 'sleep_duration']"
1763,"['workout_duration', 'active_energy', 'avg_hr']"
1764,"['active_energy', 'workout_duration', 'avg_hr']"
1765,"['active_energy', 'workout_duration', 'avg_hr']"
1766,"['active_energy', 'workout_duration', 'distance']"
1767,"['workout_duration', 'avg_hr', 'active_energy']"
1768,"['active_energy', 'workout_duration', 'avg_hr']"
1769,"['active_energy', 'avg_hr', 'workout_duration']"
1770,"['active_energy', 'workout_duration', 'avg_hr']"
1771,"['workout_duration', 'active_energy', 'steps']"
1772,"['workout_duration', 'active_energy', 'avg_hr']"
1773,"['workout_duration', 'active_energy', 'exercise_time']"
1774,"['avg_hr', 'workout_duration', 'resting_hr']"
1775,"['workout_duration', 'active_energy', 'distance']"
1776,"['workout_duration', 'active_energy', 'distance']"
1777,"['workout_duration', 'active_energy', 'distance']"
1778,"['workout_duration', 'avg_hr', 'active_energy']"
1779,"['workout_duration', 'avg_hr', 'exercise_time']"
1780,"['workout_duration', 'avg_hr', 'active_energy']"
1781,"['workout_duration', 'avg_hr', 'active_energy']"
1782,"['workout_duration', 'avg_hr', 'active_energy']"
1783,"['steps', 'workout_duration', 'active_energy']"
1784,"['active_energy', 'avg_hr', 'steps']"
1785,"['workout_duration', 'active_energy', 'avg_hr']"
1786,"['workout_duration', 'active_energy', 'exercise_time']"
1787,"['workout_duration', 'active_energy', 'avg_hr']"
1788,"['workout_duration', 'avg_hr', 'distance']"
1789,"['active_energy', 'workout_duration', 'avg_hr']"
1790,"['workout_duration', 'active_energy', 'avg_hr']"
1791,"['workout_duration', 'active_energy', 'resting_hr']"
1792,"['workout_duration', 'active_energy', 'resting_hr']"
1793,"['workout_duration', 'active_energy', 'avg_hr']"
1794,"['avg_hr', 'workout_duration', 'active_energy']"
1795,"['workout_duration', 'active_energy', 'sleep_duration']"
1796,"['active_energy', 'workout_duration', 'avg_hr']"
1797,"['workout_duration', 'active_energy', 'sleep_duration']"
1798,"['workout_duration', 'steps', 'resting_hr']"
1799,"['avg_hr', 'workout_duration', 'active_energy']"
1800,"['workout_duration', 'active_energy', 'avg_hr']"
1801,"['workout_duration', 'active_energy', 'resting_hr']"
1802,"['workout_duration', 'avg_hr', 'active_energy']"
1803,"['active_energy', 'workout_duration', 'avg_hr']"
1804,"['active_energy', 'workout_duration', 'avg_hr']"
1805,"['workout_duration', 'active_energy', 'distance']"
1806,"['avg_hr', 'workout_duration', 'active_energy']"
1807,"['workout_duration', 'steps', 'sleep_duration']"
1808,"['active_energy', 'avg_hr', 'workout_duration']"
1809,"['active_energy', 'sleep_duration', 'avg_hr']"
1810,"['workout_duration', 'active_energy', 'steps']"
1811,"['workout_duration', 'avg_hr', 'active_energy']"
1812,"['workout_duration', 'active_energy', 'distance']"
1813,"['active_energy', 'workout_duration', 'avg_hr']"
1814,"['workout_duration', 'avg_hr', 'active_energy']"
1815,"['workout_duration', 'active_energy', 'avg_hr']"
1816,"['workout_duration', 'active_energy', 'steps']"
1817,"['workout_duration', 'avg_hr', 'active_energy']"
1818,"['workout_duration', 'avg_hr', 'distance']"
1819,"['workout_duration', 'active_energy', 'steps']"
1820,"['workout_duration', 'active_energy', 'sleep_duration']"
1821,"['workout_duration', 'active_energy', 'steps']"
1822,"['workout_duration', 'active_energy', 'exercise_time']"
1823,"['workout_duration', 'sleep_duration', 'avg_hr']"
1824,"['workout_duration', 'active_energy', 'avg_hr']"
1825,"['workout_duration', 'active_energy', 'exercise_time']"
1826,"['active_energy', 'workout_duration', 'avg_hr']"
1827,"['workout_duration', 'active_energy', 'avg_hr']"
1828,"['workout_duration', 'avg_hr', 'active_energy']"
1829,"['workout_duration', 'active_energy', 'avg_hr']"
1830,"['workout_duration', 'active_energy', 'distance']"
1831,"['workout_duration', 'active_energy', 'steps']"
1832,"['workout_duration', 'distance', 'active_energy']"
1833,"['workout_duration', 'active_energy', 'avg_hr']"
1834,"['active_energy', 'workout_duration', 'resting_hr']"
1835,"['workout_duration', 'distance', 'avg_hr']"
1836,"['exercise_time', 'active_energy', 'workout_duration']"
1837,"['workout_duration', 'distance', 'avg_hr']"
1838,"['avg_hr', 'workout_duration', 'active_energy']"
1839,"['workout_duration', 'avg_hr', 'resting_hr']"
1840,"['workout_duration', 'active_energy', 'avg_hr']"
1841,"['workout_duration', 'avg_hr', 'exercise_time']"
1842,"['workout_duration', 'active_energy', 'avg_hr']"
1843,"['workout_duration', 'active_energy', 'sleep_duration']"
1844,"['workout_duration', 'active_energy', 'sleep_duration']"
1845,"['workout_duration', 'avg_hr', 'active_energy']"
1846,"['workout_duration', 'sleep_duration', 'active_energy']"
1847,"['active_energy', 'workout_duration', 'steps']"
1848,"['workout_duration', 'active_energy', 'distance']"
1849,"['workout_duration', 'avg_hr', 'steps']"
1850,"['workout_duration', 'active_energy', 'sleep_duration']"
1851,"['workout_duration', 'avg_hr', 'active_energy']"
1852,"['workout_duration', 'active_energy', 'exercise_time']"
1853,"['workout_duration', 'active_energy', 'avg_hr']"
1854,"['active_energy', 'workout_duration', 'distance']"
1855,"['workout_duration', 'active_energy', 'distance']"
1856,"['active_energy', 'avg_hr', 'workout_duration']"
1857,"['workout_duration', 'active_energy', 'sleep_duration']"
1858,"['workout_duration', 'active_energy', 'avg_hr']"
1859,"['workout_duration', 'active_energy', 'distance']"
1860,"['workout_duration', 'active_energy', 'steps']"
1861,"['active_energy', 'avg_hr', 'workout_duration']"
1862,"['workout_duration', 'steps', 'active_energy']"
1863,"['workout_duration', 'active_energy', 'exercise_time']"
1864,"['sleep_duration', 'steps', 'workout_duration']"
1865,"['avg_hr', 'active_energy', 'distance']"
1866,"['active_energy', 'workout_duration', 'avg_hr']"
1867,"['workout_duration', 'distance', 'active_energy']"
1868,"['workout_duration', 'active_energy', 'sleep_duration']"
1869,"['active_energy', 'workout_duration', 'steps']"
1870,"['avg_hr', 'workout_duration', 'steps']"
1871,"['avg_hr', 'workout_duration', 'active_energy']"
1872,"['active_energy', 'avg_hr', 'workout_duration']"
1873,"['active_energy', 'workout_duration', 'avg_hr']"
1874,"['workout_duration', 'active_energy', 'avg_hr']"
1875,"['workout_duration', 'resting_hr', 'sleep_duration']"
1876,"['workout_duration', 'active_energy', 'resting_hr']"
1877,"['active_energy', 'exercise_time', 'workout_duration']"
1878,"['workout_duration', 'resting_hr', 'active_energy']"
1879,"['workout_duration', 'steps', 'distance']"
1880,"['workout_duration', 'exercise_time', 'distance']"
1881,"['distance', 'workout_duration', 'active_energy']"
1882,"['active_energy', 'exercise_time', 'workout_duration']"
1883,"['active_energy', 'workout_duration', 'steps']"
1884,"['workout_duration', 'active_energy', 'resting_hr']"
1885,"['workout_duration', 'active_energy', 'distance']"
1886,"['active_energy', 'workout_duration', 'sleep_duration']"
1887,"['workout_duration', 'distance', 'active_energy']"
1888,"['workout_duration', 'active_energy', 'exercise_time']"
1889,"['active_energy', 'avg_hr', 'workout_duration']"
1890,"['workout_duration', 'active_energy', 'sleep_duration']"
1891,"['active_energy', 'workout_duration', 'resting_hr']"
1892,"['active_energy', 'sleep_duration', 'steps']"
1893,"['avg_hr', 'active_energy', 'workout_duration']"
1894,"['active_energy', 'avg_hr', 'workout_duration']"
1895,"['workout_duration', 'active_energy', 'avg_hr']"
1896,"['workout_duration', 'exercise_time', 'active_energy']"
1897,"['active_energy', 'workout_duration', 'avg_hr']"
1898,"['workout_duration', 'active_energy', 'distance']"
1899,"['workout_duration', 'active_energy', 'exercise_time']"
1900,"['active_energy', 'workout_duration', 'avg_hr']"
1901,"['workout_duration', 'avg_hr', 'exercise_time']"
1902,"['workout_duration', 'active_energy', 'avg_hr']"
1903,"['workout_duration', 'active_energy', 'avg_hr']"
1904,"['workout_duration', 'active_energy', 'steps']"
1905,"['avg_hr', 'workout_duration', 'active_energy']"
1906,"['avg_hr', 'workout_duration', 'active_energy']"
1907,"['workout_duration', 'active_energy', 'resting_hr']"
1908,"['avg_hr', 'workout_duration', 'active_energy']"
1909,"['active_energy', 'workout_duration', 'avg_hr']"
1910,"['workout_duration', 'active_energy', 'distance']"
1911,"['active_energy', 'steps', 'workout_duration']"
1912,"['workout_duration', 'active_energy', 'avg_hr']"
1913,"['workout_duration', 'active_energy', 'exercise_time']"
1914,"['active_energy', 'workout_duration', 'resting_hr']"
1915,"['active_energy', 'workout_duration', 'distance']"
1916,"['workout_duration', 'avg_hr', 'exercise_time']"
1917,"['workout_duration', 'active_energy', 'avg_hr']"
1918,"['active_energy', 'avg_hr', 'workout_duration']"
1919,"['active_energy', 'workout_duration', 'distance']"
1920,"['active_energy', 'workout_duration', 'resting_hr']"
1921,"['active_energy', 'workout_duration', 'avg_hr']"
1922,"['workout_duration', 'active_energy', 'avg_hr']"
1923,"['active_energy', 'workout_duration', 'distance']"
1924,"['active_energy', 'workout_duration', 'avg_hr']"
1925,"['active_energy', 'sleep_duration', 'resting_hr']"
1926,"['workout_duration', 'active_energy', 'avg_hr']"
1927,"['active_energy', 'workout_duration', 'avg_hr']"
1928,"['workout_duration', 'avg_hr', 'active_energy']"
1929,"['workout_duration', 'avg_hr', 'sleep_duration']"
1930,"['workout_duration', 'resting_hr', 'avg_hr']"
1931,"['workout_duration', 'avg_hr', 'active_energy']"
1932,"['avg_hr', 'workout_duration', 'active_energy']"
1933,"['active_energy', 'workout_duration', 'steps']"
1934,"['workout_duration', 'steps', 'active_energy']"
1935,"['workout_duration', 'avg_hr', 'sleep_duration']"
1936,"['workout_duration', 'resting_hr', 'distance']"
1937,"['workout_duration', 'resting_hr', 'active_energy']"
1938,"['workout_duration', 'avg_hr', 'steps']"
1939,"['workout_duration', 'avg_hr', 'active_energy']"
1940,"['workout_duration', 'avg_hr', 'steps']"
1941,"['workout_duration', 'avg_hr', 'sleep_duration']"
1942,"['workout_duration', 'active_energy', 'distance']"
1943,"['workout_duration', 'active_energy', 'resting_hr']"
1944,"['workout_duration', 'avg_hr', 'sleep_duration']"
1945,"['workout_duration', 'active_energy', 'resting_hr']"
1946,"['workout_duration', 'avg_hr', 'exercise_time']"
1947,"['active_energy', 'workout_duration', 'avg_hr']"
1948,"['workout_duration', 'active_energy', 'exercise_time']"
1949,"['workout_duration', 'avg_hr', 'resting_hr']"
1950,"['active_energy', 'workout_duration', 'steps']"
1951,"['active_energy', 'exercise_time', 'workout_duration']"
1952,"['workout_duration', 'avg_hr', 'active_energy']"
1953,"['active_energy', 'workout_duration', 'avg_hr']"
1954,"['active_energy', 'workout_duration', 'exercise_time']"
1955,"['workout_duration', 'active_energy', 'avg_hr']"
1956,"['sleep_duration', 'workout_duration', 'active_energy']"
1957,"['avg_hr', 'active_energy', 'workout_duration']"
1958,"['workout_duration', 'active_energy', 'steps']"
1959,"['active_energy', 'workout_duration', 'avg_hr']"
1960,"['workout_duration', 'active_energy', 'exercise_time']"
1961,"['resting_hr', 'exercise_time', 'active_energy']"
1962,"['active_energy', 'resting_hr', 'avg_hr']"
1963,"['workout_duration', 'steps', 'distance']"
1964,"['active_energy', 'sleep_duration', 'workout_duration']"
1965,"['workout_duration', 'avg_hr', 'active_energy']"
1966,"['workout_duration', 'active_energy', 'avg_hr']"
1967,"['workout_duration', 'active_energy', 'resting_hr']"
1968,"['workout_duration', 'exercise_time', 'active_energy']"
1969,"['workout_duration', 'steps', 'resting_hr']"
1970,"['avg_hr', 'active_energy', 'workout_duration']"
1971,"['workout_duration', 'avg_hr', 'active_energy']"
1972,"['workout_duration', 'active_energy', 'avg_hr']"
1973,"['workout_duration', 'steps', 'active_energy']"
1974,"['workout_duration', 'active_energy', 'avg_hr']"
1975,"['workout_duration', 'active_energy', 'avg_hr']"
1976,"['active_energy', 'exercise_time', 'workout_duration']"
1977,"['active_energy', 'workout_duration', 'exercise_time']"
1978,"['active_energy', 'workout_duration', 'sleep_duration']"
1979,"['workout_duration', 'steps', 'active_energy']"
1980,"['workout_duration', 'active_energy', 'resting_hr']"
1981,"['workout_duration', 'sleep_duration', 'avg_hr']"
1982,"['workout_duration', 'active_energy', 'exercise_time']"
1983,"['workout_duration', 'active_energy', 'steps']"
1984,"['active_energy', 'distance', 'workout_duration']"
1985,"['avg_hr', 'workout_duration', 'active_energy']"
1986,"['workout_duration', 'active_energy', 'distance']"
1987,"['active_energy', 'workout_duration', 'steps']"
1988,"['workout_duration', 'active_energy', 'exercise_time']"
1989,"['active_energy', 'workout_duration', 'steps']"
1990,"['workout_duration', 'resting_hr', 'active_energy']"
1991,"['active_energy', 'workout_duration', 'steps']"
1992,"['workout_duration', 'active_energy', 'distance']"
1993,"['active_energy', 'workout_duration', 'avg_hr']"
1994,"['workout_duration', 'active_energy', 'sleep_duration']"
1995,"['workout_duration', 'active_energy', 'avg_hr']"
1996,"['workout_duration', 'active_energy', 'sleep_duration']"
1997,"['workout_duration', 'avg_hr', 'sleep_duration']"
1998,"['active_energy', 'sleep_duration', 'resting_hr']"
1999,"['active_energy', 'workout_duration', 'avg_hr']"
2000,"['workout_duration', 'avg_hr', 'active_energy']"
2001,"['workout_duration', 'exercise_time', 'active_energy']"
2002,"['workout_duration', 'active_energy', 'avg_hr']"
2003,"['workout_duration', 'avg_hr', 'active_energy']"
2004,"['workout_duration', 'active_energy', 'avg_hr']"
2005,"['workout_duration', 'active_energy', 'resting_hr']"
2006,"['avg_hr', 'workout_duration', 'active_energy']"
2007,"['workout_duration', 'active_energy', 'avg_hr']"
2008,"['workout_duration', 'active_energy', 'distance']"
2009,"['workout_duration', 'avg_hr', 'active_energy']"
2010,"['workout_duration', 'active_energy', 'exercise_time']"
2011,"['workout_duration', 'resting_hr', 'sleep_duration']"
2012,"['workout_duration', 'active_energy', 'avg_hr']"
2013,"['workout_duration', 'steps', 'sleep_duration']"
2014,"['workout_duration', 'active_energy', 'steps']"
2015,"['workout_duration', 'exercise_time', 'avg_hr']"
2016,"['workout_duration', 'avg_hr', 'active_energy']"
2017,"['active_energy', 'workout_duration', 'sleep_duration']"
2018,"['workout_duration', 'sleep_duration', 'resting_hr']"
2019,"['avg_hr', 'workout_duration', 'active_energy']"
2020,"['active_energy', 'avg_hr', 'workout_duration']"
2021,"['workout_duration', 'active_energy', 'distance']"
2022,"['workout_duration', 'avg_hr', 'distance']"
2023,"['avg_hr', 'workout_duration', 'distance']"
2024,"['distance', 'workout_duration', 'sleep_duration']"
2025,"['workout_duration', 'exercise_time', 'avg_hr']"
2026,"['workout_duration', 'sleep_duration', 'exercise_time']"
2027,"['active_energy', 'workout_duration', 'exercise_time']"
2028,"['workout_duration', 'avg_hr', 'active_energy']"
2029,"['workout_duration', 'active_energy', 'exercise_time']"
2030,"['workout_duration', 'avg_hr', 'active_energy']"
2031,"['workout_duration', 'active_energy', 'exercise_time']"
2032,"['avg_hr', 'workout_duration', 'steps']"
2033,"['workout_duration', 'avg_hr', 'active_energy']"
2034,"['workout_duration', 'active_energy', 'avg_hr']"
2035,"['workout_duration', 'active_energy', 'avg_hr']"
2036,"['active_energy', 'workout_duration', 'steps']"
2037,"['active_energy', 'workout_duration', 'distance']"
2038,"['active_energy', 'workout_duration', 'steps']"
2039,"['avg_hr', 'workout_duration', 'distance']"
2040,"['workout_duration', 'active_energy', 'avg_hr']"
2041,"['workout_duration', 'active_energy', 'exercise_time']"
2042,"['active_energy', 'avg_hr', 'workout_duration']"
2043,"['workout_duration', 'exercise_time', 'avg_hr']"
2044,"['workout_duration', 'distance', 'sleep_duration']"
2045,"['workout_duration', 'active_energy', 'sleep_duration']"
2046,"['active_energy', 'avg_hr', 'workout_duration']"
2047,"['active_energy', 'workout_duration', 'avg_hr']"
2048,"['avg_hr', 'workout_duration', 'active_energy']"
2049,"['active_energy', 'workout_duration', 'sleep_duration']"
2050,"['workout_duration', 'active_energy', 'distance']"
2051,"['workout_duration', 'avg_hr', 'distance']"
2052,"['workout_duration', 'avg_hr', 'sleep_duration']"
2053,"['workout_duration', 'resting_hr', 'active_energy']"
2054,"['active_energy', 'workout_duration', 'distance']"
2055,"['workout_duration', 'active_energy', 'steps']"
2056,"['workout_duration', 'active_energy', 'steps']"
2057,"['workout_duration', 'active_energy', 'steps']"
2058,"['workout_duration', 'active_energy', 'steps']"
2059,"['workout_duration', 'avg_hr', 'resting_hr']"
2060,"['workout_duration', 'distance', 'steps']"
2061,"['avg_hr', 'workout_duration', 'sleep_duration']"
2062,"['workout_duration', 'avg_hr', 'active_energy']"
2063,"['workout_duration', 'active_energy', 'avg_hr']"
2064,"['active_energy', 'workout_duration', 'steps']"
2065,"['active_energy', 'avg_hr', 'workout_duration']"
2066,"['workout_duration', 'avg_hr', 'resting_hr']"
2067,"['workout_duration', 'resting_hr', 'avg_hr']"
2068,"['workout_duration', 'avg_hr', 'active_energy']"
2069,"['active_energy', 'distance', 'resting_hr']"
2070,"['workout_duration', 'active_energy', 'sleep_duration']"
2071,"['workout_duration', 'exercise_time', 'avg_hr']"
2072,"['workout_duration', 'avg_hr', 'steps']"
2073,"['workout_duration', 'active_energy', 'resting_hr']"
2074,"['workout_duration', 'active_energy', 'steps']"
2075,"['workout_duration', 'active_energy', 'exercise_time']"
2076,"['workout_duration', 'avg_hr', 'active_energy']"
2077,"['active_energy', 'workout_duration', 'resting_hr']"
2078,"['workout_duration', 'active_energy', 'avg_hr']"
2079,"['workout_duration', 'active_energy', 'sleep_duration']"
2080,"['avg_hr', 'active_energy', 'workout_duration']"
2081,"['workout_duration', 'avg_hr', 'steps']"
2082,"['workout_duration', 'steps', 'avg_hr']"
2083,"['workout_duration', 'active_energy', 'resting_hr']"
2084,"['workout_duration', 'active_energy', 'resting_hr']"
2085,"['workout_duration', 'active_energy', 'distance']"
2086,"['workout_duration', 'active_energy', 'avg_hr']"
2087,"['active_energy', 'workout_duration', 'avg_hr']"
2088,"['workout_duration', 'distance', 'steps']"
2089,"['workout_duration', 'active_energy', 'exercise_time']"
2090,"['workout_duration', 'steps', 'resting_hr']"
2091,"['active_energy', 'workout_duration', 'distance']"
2092,"['active_energy', 'workout_duration', 'sleep_duration']"
2093,"['active_energy', 'workout_duration', 'steps']"
2094,"['workout_duration', 'avg_hr', 'active_energy']"
2095,"['workout_duration', 'avg_hr', 'steps']"
2096,"['workout_duration', 'active_energy', 'sleep_duration']"
2097,"['workout_duration', 'distance', 'active_energy']"
2098,"['workout_duration', 'active_energy', 'sleep_duration']"
2099,"['workout_duration', 'active_energy', 'sleep_duration']"
2100,"['workout_duration', 'avg_hr', 'active_energy']"
2101,"['workout_duration', 'active_energy', 'steps']"
2102,"['active_energy', 'workout_duration', 'avg_hr']"
2103,"['workout_duration', 'active_energy', 'avg_hr']"
2104,"['workout_duration', 'resting_hr', 'avg_hr']"
2105,"['workout_duration', 'active_energy', 'exercise_time']"
2106,"['workout_duration', 'active_energy', 'avg_hr']"
2107,"['workout_duration', 'active_energy', 'avg_hr']"
2108,"['active_energy', 'workout_duration', 'avg_hr']"
2109,"['avg_hr', 'workout_duration', 'exercise_time']"
2110,"['active_energy', 'workout_duration', 'avg_hr']"
2111,"['workout_duration', 'active_energy', 'avg_hr']"
2112,"['workout_duration', 'active_energy', 'avg_hr']"
2113,"['workout_duration', 'active_energy', 'distance']"
2114,"['workout_duration', 'sleep_duration', 'resting_hr']"
2115,"['workout_duration', 'exercise_time', 'sleep_duration']"
2116,"['active_energy', 'workout_duration', 'resting_hr']"
2117,"['workout_duration', 'active_energy', 'avg_hr']"
2118,"['workout_duration', 'active_energy', 'distance']"
2119,"['workout_duration', 'avg_hr', 'sleep_duration']"
2120,"['workout_duration', 'resting_hr', 'avg_hr']"
2121,"['workout_duration', 'active_energy', 'resting_hr']"
2122,"['workout_duration', 'avg_hr', 'active_energy']"
2123,"['workout_duration', 'active_energy', 'avg_hr']"
2124,"['workout_duration', 'active_energy', 'exercise_time']"
2125,"['workout_duration', 'sleep_duration', 'avg_hr']"
2126,"['workout_duration', 'avg_hr', 'active_energy']"
2127,"['workout_duration', 'distance', 'active_energy']"
2128,"['workout_duration', 'avg_hr', 'resting_hr']"
2129,"['resting_hr', 'workout_duration', 'avg_hr']"
2130,"['workout_duration', 'active_energy', 'steps']"
2131,"['workout_duration', 'avg_hr', 'steps']"
2132,"['avg_hr', 'workout_duration', 'active_energy']"
2133,"['workout_duration', 'steps', 'active_energy']"
2134,"['workout_duration', 'sleep_duration', 'resting_hr']"
2135,"['workout_duration', 'active_energy', 'sleep_duration']"
2136,"['active_energy', 'workout_duration', 'distance']"
2137,"['workout_duration', 'active_energy', 'distance']"
2138,"['workout_duration', 'sleep_duration', 'avg_hr']"
2139,"['workout_duration', 'active_energy', 'avg_hr']"
2140,"['active_energy', 'workout_duration', 'avg_hr']"
2141,"['workout_duration', 'avg_hr', 'active_energy']"
2142,"['workout_duration', 'active_energy', 'steps']"
2143,"['workout_duration', 'avg_hr', 'active_energy']"
2144,"['active_energy', 'workout_duration', 'avg_hr']"
2145,"['workout_duration', 'active_energy', 'exercise_time']"
2146,"['avg_hr', 'workout_duration', 'sleep_duration']"
2147,"['workout_duration', 'active_energy', 'avg_hr']"
2148,"['workout_duration', 'active_energy', 'sleep_duration']"
2149,"['active_energy', 'workout_duration', 'avg_hr']"
2150,"['workout_duration', 'active_energy', 'avg_hr']"
2151,"['workout_duration', 'active_energy', 'avg_hr']"
2152,"['workout_duration', 'avg_hr', 'steps']"
2153,"['workout_duration', 'avg_hr', 'active_energy']"
2154,"['active_energy', 'distance', 'exercise_time']"
2155,"['workout_duration', 'sleep_duration', 'resting_hr']"
2156,"['workout_duration', 'active_energy', 'resting_hr']"
2157,"['active_energy', 'workout_duration', 'sleep_duration']"
2158,"['workout_duration', 'avg_hr', 'active_energy']"
2159,"['workout_duration', 'active_energy', 'avg_hr']"
2160,"['workout_duration', 'active_energy', 'exercise_time']"
2161,"['active_energy', 'workout_duration', 'exercise_time']"
2162,"['workout_duration', 'resting_hr', 'active_energy']"
2163,"['workout_duration', 'active_energy', 'avg_hr']"
2164,"['workout_duration', 'active_energy', 'distance']"
2165,"['workout_duration', 'avg_hr', 'active_energy']"
2166,"['workout_duration', 'exercise_time', 'active_energy']"
2167,"['active_energy', 'workout_duration', 'steps']"
2168,"['workout_duration', 'exercise_time', 'active_energy']"
2169,"['steps', 'workout_duration', 'active_energy']"
2170,"['active_energy', 'workout_duration', 'sleep_duration']"
2171,"['workout_duration', 'avg_hr', 'resting_hr']"
2172,"['workout_duration', 'active_energy', 'avg_hr']"
2173,"['active_energy', 'workout_duration', 'avg_hr']"
2174,"['active_energy', 'workout_duration', 'avg_hr']"
2175,"['workout_duration', 'active_energy', 'avg_hr']"
2176,"['workout_duration', 'active_energy', 'avg_hr']"
2177,"['workout_duration', 'active_energy', 'sleep_duration']"
2178,"['active_energy', 'workout_duration', 'steps']"
2179,"['workout_duration', 'avg_hr', 'sleep_duration']"
2180,"['active_energy', 'workout_duration', 'avg_hr']"
2181,"['active_energy', 'workout_duration', 'avg_hr']"
2182,"['workout_duration', 'active_energy', 'distance']"
2183,"['avg_hr', 'active_energy', 'steps']"
2184,"['workout_duration', 'avg_hr', 'active_energy']"
2185,"['workout_duration', 'active_energy', 'sleep_duration']"
2186,"['active_energy', 'workout_duration', 'avg_hr']"
2187,"['workout_duration', 'active_energy', 'avg_hr']"
2188,"['workout_duration', 'resting_hr', 'active_energy']"
2189,"['workout_duration', 'resting_hr', 'active_energy']"
2190,"['workout_duration', 'avg_hr', 'exercise_time']"
2191,"['active_energy', 'workout_duration', 'resting_hr']"
2192,"['workout_duration', 'distance', 'active_energy']"
2193,"['workout_duration', 'sleep_duration', 'exercise_time']"
2194,"['workout_duration', 'avg_hr', 'active_energy']"
2195,"['workout_duration', 'active_energy', 'avg_hr']"
2196,"['workout_duration', 'sleep_duration', 'active_energy']"
2197,"['workout_duration', 'active_energy', 'steps']"
2198,"['workout_duration', 'sleep_duration', 'steps']"
2199,"['workout_duration', 'avg_hr', 'active_energy']"
2200,"['workout_duration', 'resting_hr', 'steps']"
2201,"['avg_hr', 'workout_duration', 'active_energy']"
2202,"['active_energy', 'workout_duration', 'resting_hr']"
2203,"['active_energy', 'workout_duration', 'avg_hr']"
2204,"['workout_duration', 'active_energy', 'sleep_duration']"
2205,"['workout_duration', 'avg_hr', 'active_energy']"
2206,"['workout_duration', 'active_energy', 'avg_hr']"
2207,"['workout_duration', 'active_energy', 'avg_hr']"
2208,"['active_energy', 'avg_hr', 'workout_duration']"
2209,"['resting_hr', 'active_energy', 'workout_duration']"
2210,"['workout_duration', 'active_energy', 'exercise_time']"
2211,"['workout_duration', 'active_energy', 'avg_hr']"
2212,"['workout_duration', 'active_energy', 'distance']"
2213,"['avg_hr', 'workout_duration', 'active_energy']"
2214,"['workout_duration', 'avg_hr', 'active_energy']"
2215,"['workout_duration', 'active_energy', 'avg_hr']"
2216,"['active_energy', 'avg_hr', 'exercise_time']"
2217,"['workout_duration', 'exercise_time', 'active_energy']"
2218,"['workout_duration', 'active_energy', 'resting_hr']"
2219,"['workout_duration', 'exercise_time', 'sleep_duration']"
2220,"['workout_duration', 'avg_hr', 'active_energy']"
2221,"['active_energy', 'workout_duration', 'steps']"
2222,"['workout_duration', 'active_energy', 'resting_hr']"
2223,"['workout_duration', 'active_energy', 'avg_hr']"
2224,"['workout_duration', 'active_energy', 'avg_hr']"
2225,"['resting_hr', 'workout_duration', 'active_energy']"
2226,"['workout_duration', 'active_energy', 'avg_hr']"
2227,"['active_energy', 'workout_duration', 'avg_hr']"
2228,"['active_energy', 'workout_duration', 'steps']"
2229,"['workout_duration', 'active_energy', 'avg_hr']"
2230,"['active_energy', 'workout_duration', 'sleep_duration']"
2231,"['active_energy', 'workout_duration', 'distance']"
2232,"['workout_duration', 'resting_hr', 'active_energy']"
2233,"['workout_duration', 'avg_hr', 'exercise_time']"
2234,"['active_energy', 'workout_duration', 'avg_hr']"
2235,"['workout_duration', 'sleep_duration', 'distance']"
2236,"['workout_duration', 'active_energy', 'exercise_time']"
2237,"['workout_duration', 'sleep_duration', 'active_energy']"
2238,"['workout_duration', 'avg_hr', 'active_energy']"
2239,"['active_energy', 'workout_duration', 'exercise_time']"
2240,"['workout_duration', 'steps', 'avg_hr']"
2241,"['workout_duration', 'avg_hr', 'active_energy']"
2242,"['avg_hr', 'workout_duration', 'exercise_time']"
2243,"['workout_duration', 'active_energy', 'distance']"
2244,"['workout_duration', 'active_energy', 'avg_hr']"
2245,"['workout_duration', 'active_energy', 'avg_hr']"
2246,"['workout_duration', 'active_energy', 'avg_hr']"
2247,"['workout_duration', 'active_energy', 'exercise_time']"
2248,"['workout_duration', 'active_energy', 'distance']"
2249,"['active_energy', 'workout_duration', 'avg_hr']"
2250,"['workout_duration', 'active_energy', 'exercise_time']"
2251,"['avg_hr', 'active_energy', 'resting_hr']"
2252,"['workout_duration', 'avg_hr', 'steps']"
2253,"['active_energy', 'distance', 'avg_hr']"
2254,"['workout_duration', 'active_energy', 'avg_hr']"
2255,"['workout_duration', 'steps', 'sleep_duration']"
2256,"['workout_duration', 'active_energy', 'exercise_time']"
2257,"['workout_duration', 'active_energy', 'avg_hr']"
2258,"['workout_duration', 'active_energy', 'avg_hr']"
2259,"['workout_duration', 'active_energy', 'avg_hr']"
2260,"['workout_duration', 'active_energy', 'avg_hr']"
2261,"['active_energy', 'workout_duration', 'avg_hr']"
2262,"['active_energy', 'distance', 'workout_duration']"
2263,"['workout_duration', 'active_energy', 'sleep_duration']"
2264,"['workout_duration', 'active_energy', 'resting_hr']"
2265,"['workout_duration', 'sleep_duration', 'steps']"
2266,"['workout_duration', 'distance', 'active_energy']"
2267,"['workout_duration', 'active_energy', 'distance']"
2268,"['workout_duration', 'active_energy', 'resting_hr']"
2269,"['active_energy', 'resting_hr', 'workout_duration']"
2270,"['workout_duration', 'steps', 'active_energy']"
2271,"['active_energy', 'workout_duration', 'distance']"
2272,"['workout_duration', 'avg_hr', 'active_energy']"
2273,"['workout_duration', 'active_energy', 'sleep_duration']"
2274,"['workout_duration', 'active_energy', 'sleep_duration']"
2275,"['workout_duration', 'avg_hr', 'active_energy']"
2276,"['active_energy', 'workout_duration', 'avg_hr']"
2277,"['workout_duration', 'active_energy', 'steps']"
2278,"['workout_duration', 'active_energy', 'steps']"
2279,"['workout_duration', 'steps', 'active_energy']"
2280,"['workout_duration', 'avg_hr', 'active_energy']"
2281,"['active_energy', 'workout_duration', 'avg_hr']"
2282,"['workout_duration', 'avg_hr', 'steps']"
2283,"['workout_duration', 'avg_hr', 'sleep_duration']"
2284,"['avg_hr', 'workout_duration', 'steps']"
2285,"['workout_duration', 'distance', 'active_energy']"
2286,"['workout_duration', 'steps', 'avg_hr']"
2287,"['workout_duration', 'active_energy', 'exercise_time']"
2288,"['active_energy', 'workout_duration', 'resting_hr']"
2289,"['workout_duration', 'active_energy', 'sleep_duration']"
2290,"['avg_hr', 'workout_duration', 'resting_hr']"
2291,"['workout_duration', 'active_energy', 'distance']"
2292,"['avg_hr', 'active_energy', 'workout_duration']"
2293,"['active_energy', 'workout_duration', 'exercise_time']"
2294,"['workout_duration', 'active_energy', 'avg_hr']"
2295,"['workout_duration', 'active_energy', 'avg_hr']"
2296,"['avg_hr', 'active_energy', 'workout_duration']"
2297,"['workout_duration', 'steps', 'active_energy']"
2298,"['workout_duration', 'active_energy', 'avg_hr']"
2299,"['workout_duration', 'active_energy', 'distance']"
2300,"['workout_duration', 'active_energy', 'exercise_time']"
2301,"['active_energy', 'avg_hr', 'resting_hr']"
2302,"['workout_duration', 'distance', 'sleep_duration']"
2303,"['workout_duration', 'exercise_time', 'avg_hr']"
2304,"['active_energy', 'workout_duration', 'avg_hr']"
2305,"['workout_duration', 'avg_hr', 'active_energy']"
2306,"['active_energy', 'workout_duration', 'resting_hr']"
2307,"['active_energy', 'avg_hr', 'workout_duration']"
2308,"['avg_hr', 'active_energy', 'steps']"
2309,"['workout_duration', 'resting_hr', 'active_energy']"
2310,"['active_energy', 'workout_duration', 'distance']"
2311,"['workout_duration', 'resting_hr', 'distance']"
2312,"['workout_duration', 'avg_hr', 'resting_hr']"
2313,"['active_energy', 'workout_duration', 'avg_hr']"
2314,"['workout_duration', 'active_energy', 'avg_hr']"
2315,"['workout_duration', 'active_energy', 'distance']"
2316,"['workout_duration', 'active_energy', 'resting_hr']"
2317,"['workout_duration', 'active_energy', 'resting_hr']"
2318,"['workout_duration', 'active_energy', 'avg_hr']"
2319,"['workout_duration', 'active_energy', 'resting_hr']"
2320,"['active_energy', 'workout_duration', 'avg_hr']"
2321,"['workout_duration', 'avg_hr', 'active_energy']"
2322,"['workout_duration', 'steps', 'active_energy']"
2323,"['avg_hr', 'active_energy', 'exercise_time']"
2324,"['avg_hr', 'active_energy', 'workout_duration']"
2325,"['avg_hr', 'active_energy', 'sleep_duration']"
2326,"['workout_duration', 'exercise_time', 'steps']"
2327,"['workout_duration', 'active_energy', 'avg_hr']"
2328,"['workout_duration', 'active_energy', 'avg_hr']"
2329,"['workout_duration', 'active_energy', 'sleep_duration']"
2330,"['workout_duration', 'active_energy', 'distance']"
2331,"['workout_duration', 'resting_hr', 'steps']"
2332,"['workout_duration', 'steps', 'avg_hr']"
2333,"['workout_duration', 'active_energy', 'avg_hr']"
2334,"['active_energy', 'workout_duration', 'steps']"
2335,"['workout_duration', 'avg_hr', 'active_energy']"
2336,"['active_energy', 'workout_duration', 'resting_hr']"
2337,"['active_energy', 'exercise_time', 'workout_duration']"
2338,"['workout_duration', 'active_energy', 'avg_hr']"
2339,"['workout_duration', 'active_energy', 'avg_hr']"
2340,"['workout_duration', 'active_energy', 'avg_hr']"
2341,"['active_energy', 'workout_duration', 'sleep_duration']"
2342,"['workout_duration', 'active_energy', 'distance']"
2343,"['workout_duration', 'avg_hr', 'active_energy']"
2344,"['workout_duration', 'active_energy', 'avg_hr']"
2345,"['active_energy', 'avg_hr', 'workout_duration']"
2346,"['workout_duration', 'active_energy', 'avg_hr']"
2347,"['avg_hr', 'workout_duration', 'active_energy']"
2348,"['active_energy', 'workout_duration', 'steps']"
2349,"['active_energy', 'workout_duration', 'avg_hr']"
2350,"['workout_duration', 'active_energy', 'steps']"
2351,"['active_energy', 'avg_hr', 'workout_duration']"
2352,"['workout_duration', 'active_energy', 'sleep_duration']"
2353,"['workout_duration', 'active_energy', 'avg_hr']"
2354,"['workout_duration', 'active_energy', 'steps']"
2355,"['workout_duration', 'active_energy', 'avg_hr']"
2356,"['workout_duration', 'active_energy', 'avg_hr']"
2357,"['workout_duration', 'active_energy', 'resting_hr']"
2358,"['workout_duration', 'active_energy', 'sleep_duration']"
2359,"['active_energy', 'workout_duration', 'sleep_duration']"
2360,"['workout_duration', 'active_energy', 'avg_hr']"
2361,"['workout_duration', 'steps', 'sleep_duration']"
2362,"['active_energy', 'workout_duration', 'avg_hr']"
2363,"['workout_duration', 'active_energy', 'avg_hr']"
2364,"['workout_duration', 'distance', 'avg_hr']"
2365,"['workout_duration', 'resting_hr', 'active_energy']"
2366,"['avg_hr', 'workout_duration', 'active_energy']"
2367,"['workout_duration', 'avg_hr', 'active_energy']"
2368,"['workout_duration', 'sleep_duration', 'active_energy']"
2369,"['active_energy', 'workout_duration', 'sleep_duration']"
2370,"['workout_duration', 'active_energy', 'steps']"
2371,"['active_energy', 'workout_duration', 'avg_hr']"
2372,"['workout_duration', 'active_energy', 'avg_hr']"
2373,"['workout_duration', 'avg_hr', 'distance']"
2374,"['active_energy', 'avg_hr', 'workout_duration']"
2375,"['active_energy', 'avg_hr', 'workout_duration']"
2376,"['avg_hr', 'workout_duration', 'active_energy']"
2377,"['workout_duration', 'active_energy', 'avg_hr']"
2378,"['workout_duration', 'sleep_duration', 'avg_hr']"
2379,"['workout_duration', 'active_energy', 'avg_hr']"
2380,"['workout_duration', 'active_energy', 'steps']"
2381,"['workout_duration', 'active_energy', 'distance']"
2382,"['active_energy', 'workout_duration', 'resting_hr']"
2383,"['active_energy', 'avg_hr', 'workout_duration']"
2384,"['workout_duration', 'resting_hr', 'active_energy']"
2385,"['workout_duration', 'distance', 'avg_hr']"
2386,"['workout_duration', 'active_energy', 'steps']"
2387,"['active_energy', 'avg_hr', 'workout_duration']"
2388,"['workout_duration', 'active_energy', 'avg_hr']"
2389,"['workout_duration', 'active_energy', 'avg_hr']"
2390,"['active_energy', 'workout_duration', 'avg_hr']"
2391,"['active_energy', 'workout_duration', 'avg_hr']"
2392,"['exercise_time', 'active_energy', 'workout_duration']"
2393,"['active_energy', 'workout_duration', 'avg_hr']"
2394,"['workout_duration', 'active_energy', 'avg_hr']"
2395,"['active_energy', 'workout_duration', 'avg_hr']"
2396,"['workout_duration', 'active_energy', 'exercise_time']"
2397,"['active_energy', 'workout_duration', 'steps']"
2398,"['active_energy', 'workout_duration', 'avg_hr']"
2399,"['workout_duration', 'avg_hr', 'exercise_time']"
2400,"['workout_duration', 'active_energy', 'avg_hr']"
2401,"['workout_duration', 'active_energy', 'resting_hr']"
2402,"['avg_hr', 'workout_duration', 'resting_hr']"
2403,"['avg_hr', 'workout_duration', 'active_energy']"
2404,"['workout_duration', 'active_energy', 'avg_hr']"
2405,"['workout_duration', 'active_energy', 'exercise_time']"
2406,"['active_energy', 'workout_duration', 'avg_hr']"
2407,"['active_energy', 'workout_duration', 'steps']"
2408,"['avg_hr', 'workout_duration', 'distance']"
2409,"['active_energy', 'workout_duration', 'avg_hr']"
2410,"['workout_duration', 'active_energy', 'distance']"
2411,"['workout_duration', 'exercise_time', 'active_energy']"
2412,"['workout_duration', 'avg_hr', 'resting_hr']"
2413,"['workout_duration', 'resting_hr', 'active_energy']"
2414,"['active_energy', 'workout_duration', 'avg_hr']"
2415,"['workout_duration', 'sleep_duration', 'resting_hr']"
2416,"['workout_duration', 'resting_hr', 'sleep_duration']"
2417,"['workout_duration', 'active_energy', 'sleep_duration']"
2418,"['workout_duration', 'avg_hr', 'active_energy']"
2419,"['workout_duration', 'distance', 'exercise_time']"
2420,"['workout_duration', 'active_energy', 'steps']"
2421,"['workout_duration', 'active_energy', 'sleep_duration']"
2422,"['active_energy', 'workout_duration', 'avg_hr']"
2423,"['active_energy', 'distance', 'avg_hr']"
2424,"['workout_duration', 'active_energy', 'sleep_duration']"
2425,"['active_energy', 'workout_duration', 'exercise_time']"
2426,"['active_energy', 'avg_hr', 'workout_duration']"
2427,"['exercise_time', 'workout_duration', 'active_energy']"
2428,"['workout_duration', 'active_energy', 'distance']"
2429,"['active_energy', 'workout_duration', 'avg_hr']"
2430,"['workout_duration', 'resting_hr', 'active_energy']"
2431,"['workout_duration', 'active_energy', 'resting_hr']"
2432,"['workout_duration', 'active_energy', 'avg_hr']"
2433,"['workout_duration', 'active_energy', 'avg_hr']"
2434,"['workout_duration', 'active_energy', 'avg_hr']"
2435,"['active_energy', 'workout_duration', 'steps']"
2436,"['avg_hr', 'workout_duration', 'active_energy']"
2437,"['workout_duration', 'active_energy', 'avg_hr']"
2438,"['workout_duration', 'exercise_time', 'active_energy']"
2439,"['workout_duration', 'active_energy', 'avg_hr']"
2440,"['workout_duration', 'avg_hr', 'exercise_time']"
2441,"['workout_duration', 'avg_hr', 'active_energy']"
2442,"['active_energy', 'resting_hr', 'distance']"
2443,"['workout_duration', 'active_energy', 'avg_hr']"
2444,"['active_energy', 'workout_duration', 'avg_hr']"
2445,"['avg_hr', 'workout_duration', 'active_energy']"
2446,"['active_energy', 'workout_duration', 'avg_hr']"
2447,"['workout_duration', 'avg_hr', 'active_energy']"
2448,"['workout_duration', 'active_energy', 'resting_hr']"
2449,"['workout_duration', 'avg_hr', 'active_energy']"
2450,"['workout_duration', 'active_energy', 'sleep_duration']"
2451,"['active_energy', 'workout_duration', 'steps']"
2452,"['workout_duration', 'active_energy', 'avg_hr']"
2453,"['workout_duration', 'active_energy', 'distance']"
2454,"['workout_duration', 'distance', 'exercise_time']"
2455,"['workout_duration', 'active_energy', 'steps']"
2456,"['workout_duration', 'active_energy', 'steps']"
2457,"['workout_duration', 'active_energy', 'resting_hr']"
2458,"['sleep_duration', 'resting_hr', 'workout_duration']"
2459,"['workout_duration', 'active_energy', 'avg_hr']"
2460,"['active_energy', 'workout_duration', 'exercise_time']"
2461,"['workout_duration', 'active_energy', 'sleep_duration']"
2462,"['workout_duration', 'avg_hr', 'resting_hr']"
2463,"['workout_duration', 'resting_hr', 'avg_hr']"
2464,"['workout_duration', 'active_energy', 'distance']"
2465,"['workout_duration', 'active_energy', 'sleep_duration']"
2466,"['workout_duration', 'active_energy', 'avg_hr']"
2467,"['workout_duration', 'active_energy', 'distance']"
2468,"['workout_duration', 'active_energy', 'avg_hr']"
2469,"['workout_duration', 'active_energy', 'distance']"
2470,"['workout_duration', 'active_energy', 'sleep_duration']"
2471,"['workout_duration', 'active_energy', 'avg_hr']"
2472,"['workout_duration', 'active_energy', 'avg_hr']"
2473,"['workout_duration', 'avg_hr', 'exercise_time']"
2474,"['workout_duration', 'active_energy', 'avg_hr']"
2475,"['active_energy', 'workout_duration', 'distance']"
2476,"['workout_duration', 'steps', 'avg_hr']"
2477,"['active_energy', 'avg_hr', 'sleep_duration']"
2478,"['active_energy', 'sleep_duration', 'distance']"
2479,"['active_energy', 'workout_duration', 'steps']"
2480,"['avg_hr', 'workout_duration', 'active_energy']"
2481,"['workout_duration', 'active_energy', 'steps']"
2482,"['workout_duration', 'avg_hr', 'active_energy']"
2483,"['workout_duration', 'active_energy', 'avg_hr']"
2484,"['workout_duration', 'active_energy', 'avg_hr']"
2485,"['active_energy', 'workout_duration', 'distance']"
2486,"['steps', 'workout_duration', 'active_energy']"
2487,"['active_energy', 'workout_duration', 'avg_hr']"
2488,"['workout_duration', 'sleep_duration', 'avg_hr']"
2489,"['active_energy', 'workout_duration', 'avg_hr']"
2490,"['workout_duration', 'avg_hr', 'active_energy']"
2491,"['workout_duration', 'active_energy', 'exercise_time']"
2492,"['workout_duration', 'avg_hr', 'active_energy']"
2493,"['workout_duration', 'active_energy', 'avg_hr']"
2494,"['workout_duration', 'distance', 'active_energy']"
2495,"['workout_duration', 'active_energy', 'distance']"
2496,"['workout_duration', 'exercise_time', 'steps']"
2497,"['workout_duration', 'active_energy', 'avg_hr']"
2498,"['workout_duration', 'resting_hr', 'distance']"
2499,"['workout_duration', 'active_energy', 'exercise_time']"
2500,"['avg_hr', 'exercise_time', 'workout_duration']"
2501,"['workout_duration', 'avg_hr', 'active_energy']"
2502,"['workout_duration', 'active_energy', 'resting_hr']"
2503,"['workout_duration', 'active_energy', 'avg_hr']"
2504,"['workout_duration', 'avg_hr', 'active_energy']"
2505,"['active_energy', 'avg_hr', 'workout_duration']"
2506,"['active_energy', 'workout_duration', 'avg_hr']"
2507,"['workout_duration', 'active_energy', 'sleep_duration']"
2508,"['workout_duration', 'active_energy', 'steps']"
2509,"['distance', 'active_energy', 'workout_duration']"
2510,"['active_energy', 'workout_duration', 'distance']"
2511,"['workout_duration', 'steps', 'distance']"
2512,"['workout_duration', 'avg_hr', 'resting_hr']"
2513,"['avg_hr', 'active_energy', 'distance']"
2514,"['workout_duration', 'avg_hr', 'steps']"
2515,"['workout_duration', 'avg_hr', 'exercise_time']"
2516,"['active_energy', 'workout_duration', 'avg_hr']"
2517,"['workout_duration', 'active_energy', 'sleep_duration']"
2518,"['workout_duration', 'avg_hr', 'resting_hr']"
2519,"['workout_duration', 'active_energy', 'avg_hr']"
2520,"['exercise_time', 'workout_duration', 'active_energy']"
2521,"['workout_duration', 'active_energy', 'resting_hr']"
2522,"['workout_duration', 'avg_hr', 'active_energy']"
2523,"['workout_duration', 'active_energy', 'steps']"
2524,"['workout_duration', 'avg_hr', 'resting_hr']"
2525,"['workout_duration', 'active_energy', 'avg_hr']"
2526,"['workout_duration', 'active_energy', 'resting_hr']"
2527,"['workout_duration', 'active_energy', 'distance']"
2528,"['workout_duration', 'exercise_time', 'avg_hr']"
2529,"['workout_duration', 'avg_hr', 'sleep_duration']"
2530,"['workout_duration', 'sleep_duration', 'active_energy']"
2531,"['workout_duration', 'avg_hr', 'active_energy']"
2532,"['workout_duration', 'active_energy', 'avg_hr']"
2533,"['active_energy', 'avg_hr', 'workout_duration']"
2534,"['sleep_duration', 'resting_hr', 'workout_duration']"
2535,"['workout_duration', 'active_energy', 'avg_hr']"
2536,"['active_energy', 'workout_duration', 'exercise_time']"
2537,"['active_energy', 'workout_duration', 'sleep_duration']"
2538,"['active_energy', 'workout_duration', 'distance']"
2539,"['active_energy', 'workout_duration', 'avg_hr']"
2540,"['workout_duration', 'active_energy', 'avg_hr']"
2541,"['workout_duration', 'distance', 'active_energy']"
2542,"['workout_duration', 'active_energy', 'exercise_time']"
2543,"['workout_duration', 'avg_hr', 'active_energy']"
2544,"['workout_duration', 'exercise_time', 'active_energy']"
2545,"['workout_duration', 'avg_hr', 'steps']"
2546,"['active_energy', 'workout_duration', 'resting_hr']"
2547,"['workout_duration', 'active_energy', 'resting_hr']"
2548,"['workout_duration', 'avg_hr', 'active_energy']"
2549,"['workout_duration', 'sleep_duration', 'resting_hr']"
2550,"['workout_duration', 'active_energy', 'avg_hr']"
2551,"['workout_duration', 'avg_hr', 'active_energy']"
2552,"['workout_duration', 'active_energy', 'steps']"
2553,"['workout_duration', 'sleep_duration', 'avg_hr']"
2554,"['workout_duration', 'active_energy', 'steps']"
2555,"['workout_duration', 'avg_hr', 'sleep_duration']"
2556,"['workout_duration', 'active_energy', 'avg_hr']"
2557,"['active_energy', 'workout_duration', 'avg_hr']"
2558,"['active_energy', 'avg_hr', 'workout_duration']"
2559,"['workout_duration', 'active_energy', 'avg_hr']"
2560,"['workout_duration', 'sleep_duration', 'distance']"
2561,"['workout_duration', 'active_energy', 'avg_hr']"
2562,"['workout_duration', 'active_energy', 'distance']"
2563,"['active_energy', 'workout_duration', 'distance']"
2564,"['workout_duration', 'resting_hr', 'sleep_duration']"
2565,"['avg_hr', 'active_energy', 'workout_duration']"
2566,"['active_energy', 'avg_hr', 'steps']"
2567,"['workout_duration', 'sleep_duration', 'active_energy']"
2568,"['workout_duration', 'active_energy', 'exercise_time']"
2569,"['sleep_duration', 'active_energy', 'avg_hr']"
2570,"['active_energy', 'sleep_duration', 'avg_hr']"
2571,"['workout_duration', 'active_energy', 'avg_hr']"
2572,"['active_energy', 'workout_duration', 'steps']"
2573,"['workout_duration', 'active_energy', 'sleep_duration']"
2574,"['workout_duration', 'active_energy', 'avg_hr']"
2575,"['workout_duration', 'active_energy', 'avg_hr']"
2576,"['workout_duration', 'avg_hr', 'sleep_duration']"
2577,"['workout_duration', 'avg_hr', 'active_energy']"
2578,"['workout_duration', 'active_energy', 'resting_hr']"
2579,"['workout_duration', 'active_energy', 'steps']"
2580,"['workout_duration', 'active_energy', 'avg_hr']"
2581,"['workout_duration', 'active_energy', 'distance']"
2582,"['workout_duration', 'active_energy', 'avg_hr']"
2583,"['workout_duration', 'avg_hr', 'active_energy']"
2584,"['sleep_duration', 'active_energy', 'workout_duration']"
2585,"['active_energy', 'workout_duration', 'avg_hr']"
2586,"['workout_duration', 'active_energy', 'avg_hr']"
2587,"['workout_duration', 'active_energy', 'avg_hr']"
2588,"['active_energy', 'workout_duration', 'exercise_time']"
2589,"['active_energy', 'workout_duration', 'resting_hr']"
2590,"['avg_hr', 'workout_duration', 'active_energy']"
2591,"['workout_duration', 'active_energy', 'sleep_duration']"
2592,"['workout_duration', 'active_energy', 'avg_hr']"
2593,"['workout_duration', 'active_energy', 'resting_hr']"
2594,"['workout_duration', 'active_energy', 'avg_hr']"
2595,"['workout_duration', 'active_energy', 'distance']"
2596,"['workout_duration', 'resting_hr', 'active_energy']"
2597,"['workout_duration', 'steps', 'active_energy']"
2598,"['workout_duration', 'steps', 'active_energy']"
2599,"['active_energy', 'workout_duration', 'avg_hr']"
2600,"['workout_duration', 'active_energy', 'distance']"
2601,"['workout_duration', 'active_energy', 'steps']"
2602,"['workout_duration', 'active_energy', 'avg_hr']"
2603,"['resting_hr', 'active_energy', 'workout_duration']"
2604,"['workout_duration', 'active_energy', 'avg_hr']"
2605,"['workout_duration', 'sleep_duration', 'avg_hr']"
2606,"['workout_duration', 'active_energy', 'avg_hr']"
2607,"['active_energy', 'avg_hr', 'workout_duration']"
2608,"['workout_duration', 'active_energy', 'steps']"
2609,"['workout_duration', 'avg_hr', 'sleep_duration']"
2610,"['active_energy', 'avg_hr', 'exercise_time']"
2611,"['active_energy', 'workout_duration', 'resting_hr']"
2612,"['workout_duration', 'active_energy', 'exercise_time']"
2613,"['workout_duration', 'active_energy', 'avg_hr']"
2614,"['workout_duration', 'active_energy', 'exercise_time']"
2615,"['sleep_duration', 'workout_duration', 'active_energy']"
2616,"['active_energy', 'sleep_duration', 'workout_duration']"
2617,"['workout_duration', 'avg_hr', 'distance']"
2618,"['workout_duration', 'active_energy', 'exercise_time']"
2619,"['active_energy', 'workout_duration', 'distance']"
2620,"['workout_duration', 'active_energy', 'avg_hr']"
2621,"['active_energy', 'workout_duration', 'distance']"
2622,"['active_energy', 'workout_duration', 'exercise_time']"
2623,"['workout_duration', 'active_energy', 'avg_hr']"
2624,"['workout_duration', 'active_energy', 'steps']"
2625,"['workout_duration', 'avg_hr', 'exercise_time']"
2626,"['active_energy', 'workout_duration', 'avg_hr']"
2627,"['workout_duration', 'sleep_duration', 'avg_hr']"
2628,"['active_energy', 'avg_hr', 'workout_duration']"
2629,"['avg_hr', 'steps', 'workout_duration']"
2630,"['active_energy', 'distance', 'avg_hr']"
2631,"['workout_duration', 'avg_hr', 'active_energy']"
2632,"['avg_hr', 'active_energy', 'workout_duration']"
2633,"['workout_duration', 'active_energy', 'sleep_duration']"
2634,"['active_energy', 'distance', 'workout_duration']"
2635,"['workout_duration', 'avg_hr', 'active_energy']"
2636,"['workout_duration', 'avg_hr', 'active_energy']"
2637,"['active_energy', 'workout_duration', 'sleep_duration']"
2638,"['active_energy', 'workout_duration', 'avg_hr']"
2639,"['active_energy', 'workout_duration', 'resting_hr']"
2640,"['workout_duration', 'active_energy', 'sleep_duration']"
2641,"['workout_duration', 'steps', 'avg_hr']"
2642,"['workout_duration', 'active_energy', 'sleep_duration']"
2643,"['workout_duration', 'active_energy', 'steps']"
2644,"['workout_duration', 'active_energy', 'steps']"
2645,"['workout_duration', 'avg_hr', 'active_energy']"
2646,"['workout_duration', 'steps', 'distance']"
2647,"['avg_hr', 'workout_duration', 'distance']"
2648,"['workout_duration', 'active_energy', 'resting_hr']"
2649,"['workout_duration', 'active_energy', 'distance']"
2650,"['active_energy', 'workout_duration', 'distance']"
2651,"['workout_duration', 'avg_hr', 'active_energy']"
2652,"['workout_duration', 'active_energy', 'avg_hr']"
2653,"['workout_duration', 'active_energy', 'distance']"
2654,"['workout_duration', 'avg_hr', 'active_energy']"
2655,"['workout_duration', 'avg_hr', 'exercise_time']"
2656,"['workout_duration', 'resting_hr', 'distance']"
2657,"['workout_duration', 'exercise_time', 'active_energy']"
2658,"['workout_duration', 'active_energy', 'exercise_time']"
2659,"['workout_duration', 'sleep_duration', 'avg_hr']"
2660,"['workout_duration', 'active_energy', 'resting_hr']"
2661,"['workout_duration', 'avg_hr', 'active_energy']"
2662,"['workout_duration', 'avg_hr', 'active_energy']"
2663,"['workout_duration', 'active_energy', 'avg_hr']"
2664,"['active_energy', 'sleep_duration', 'workout_duration']"
2665,"['workout_duration', 'avg_hr', 'resting_hr']"
2666,"['workout_duration', 'sleep_duration', 'avg_hr']"
2667,"['workout_duration', 'active_energy', 'exercise_time']"
2668,"['workout_duration', 'active_energy', 'steps']"
2669,"['avg_hr', 'workout_duration', 'active_energy']"
2670,"['workout_duration', 'active_energy', 'avg_hr']"
2671,"['workout_duration', 'distance', 'active_energy']"
2672,"['workout_duration', 'active_energy', 'avg_hr']"
2673,"['workout_duration', 'active_energy', 'sleep_duration']"
2674,"['workout_duration', 'avg_hr', 'active_energy']"
2675,"['workout_duration', 'active_energy', 'avg_hr']"
2676,"['workout_duration', 'active_energy', 'sleep_duration']"
2677,"['workout_duration', 'avg_hr', 'active_energy']"
2678,"['workout_duration', 'active_energy', 'distance']"
2679,"['avg_hr', 'workout_duration', 'active_energy']"
2680,"['workout_duration', 'active_energy', 'exercise_time']"
2681,"['workout_duration', 'steps', 'active_energy']"
2682,"['workout_duration', 'active_energy', 'distance']"
2683,"['active_energy', 'workout_duration', 'avg_hr']"
2684,"['workout_duration', 'steps', 'active_energy']"
2685,"['workout_duration', 'distance', 'active_energy']"
2686,"['workout_duration', 'active_energy', 'sleep_duration']"
2687,"['workout_duration', 'avg_hr', 'active_energy']"
2688,"['workout_duration', 'avg_hr', 'active_energy']"
2689,"['workout_duration', 'active_energy', 'avg_hr']"
2690,"['workout_duration', 'steps', 'distance']"
2691,"['workout_duration', 'avg_hr', 'active_energy']"
2692,"['workout_duration', 'active_energy', 'steps']"
2693,"['active_energy', 'workout_duration', 'avg_hr']"
2694,"['workout_duration', 'active_energy', 'distance']"
2695,"['workout_duration', 'sleep_duration', 'exercise_time']"
2696,"['steps', 'workout_duration', 'avg_hr']"
2697,"['active_energy', 'workout_duration', 'exercise_time']"
2698,"['active_energy', 'workout_duration', 'avg_hr']"
2699,"['workout_duration', 'avg_hr', 'exercise_time']"
2700,"['avg_hr', 'workout_duration', 'active_energy']"
2701,"['workout_duration', 'active_energy', 'sleep_duration']"
2702,"['workout_duration', 'active_energy', 'avg_hr']"
2703,"['active_energy', 'avg_hr', 'workout_duration']"
2704,"['workout_duration', 'active_energy', 'sleep_duration']"
2705,"['workout_duration', 'active_energy', 'avg_hr']"
2706,"['avg_hr', 'active_energy', 'workout_duration']"
2707,"['workout_duration', 'active_energy', 'avg_hr']"
2708,"['active_energy', 'workout_duration', 'avg_hr']"
2709,"['workout_duration', 'exercise_time', 'avg_hr']"
2710,"['active_energy', 'workout_duration', 'avg_hr']"
2711,"['workout_duration', 'active_energy', 'avg_hr']"
2712,"['active_energy', 'workout_duration', 'distance']"
2713,"['workout_duration', 'avg_hr', 'sleep_duration']"
2714,"['workout_duration', 'exercise_time', 'active_energy']"
2715,"['active_energy', 'workout_duration', 'avg_hr']"
2716,"['workout_duration', 'avg_hr', 'distance']"
2717,"['workout_duration', 'active_energy', 'avg_hr']"
2718,"['workout_duration', 'avg_hr', 'steps']"
2719,"['active_energy', 'workout_duration', 'distance']"
2720,"['active_energy', 'workout_duration', 'resting_hr']"
2721,"['active_energy', 'avg_hr', 'resting_hr']"
2722,"['avg_hr', 'active_energy', 'workout_duration']"
2723,"['active_energy', 'workout_duration', 'steps']"
2724,"['active_energy', 'workout_duration', 'exercise_time']"
2725,"['workout_duration', 'exercise_time', 'avg_hr']"
2726,"['avg_hr', 'workout_duration', 'active_energy']"
2727,"['workout_duration', 'distance', 'active_energy']"
2728,"['workout_duration', 'active_energy', 'resting_hr']"
2729,"['active_energy', 'workout_duration', 'avg_hr']"
2730,"['workout_duration', 'active_energy', 'steps']"
2731,"['active_energy', 'resting_hr', 'exercise_time']"
2732,"['active_energy', 'workout_duration', 'sleep_duration']"
2733,"['active_energy', 'workout_duration', 'avg_hr']"
2734,"['active_energy', 'workout_duration', 'avg_hr']"
2735,"['workout_duration', 'active_energy', 'distance']"
2736,"['workout_duration', 'avg_hr', 'active_energy']"
2737,"['active_energy', 'resting_hr', 'workout_duration']"
2738,"['workout_duration', 'active_energy', 'resting_hr']"
2739,"['workout_duration', 'resting_hr', 'active_energy']"
2740,"['active_energy', 'workout_duration', 'resting_hr']"
2741,"['workout_duration', 'active_energy', 'sleep_duration']"
2742,"['workout_duration', 'sleep_duration', 'active_energy']"
2743,"['workout_duration', 'active_energy', 'avg_hr']"
2744,"['workout_duration', 'resting_hr', 'avg_hr']"
2745,"['workout_duration', 'steps', 'sleep_duration']"
2746,"['workout_duration', 'avg_hr', 'active_energy']"
2747,"['workout_duration', 'active_energy', 'exercise_time']"
2748,"['active_energy', 'workout_duration', 'sleep_duration']"
2749,"['avg_hr', 'workout_duration', 'active_energy']"
2750,"['active_energy', 'workout_duration', 'sleep_duration']"
2751,"['workout_duration', 'active_energy', 'distance']"
2752,"['workout_duration', 'exercise_time', 'steps']"
2753,"['active_energy', 'avg_hr', 'workout_duration']"
2754,"['workout_duration', 'exercise_time', 'avg_hr']"
2755,"['avg_hr', 'resting_hr', 'exercise_time']"
2756,"['workout_duration', 'active_energy', 'distance']"
2757,"['active_energy', 'workout_duration', 'exercise_time']"
2758,"['sleep_duration', 'active_energy', 'workout_duration']"
2759,"['active_energy', 'avg_hr', 'workout_duration']"
2760,"['workout_duration', 'steps', 'resting_hr']"
2761,"['workout_duration', 'active_energy', 'avg_hr']"
2762,"['workout_duration', 'active_energy', 'avg_hr']"
2763,"['workout_duration', 'sleep_duration', 'active_energy']"
2764,"['workout_duration', 'active_energy', 'avg_hr']"
2765,"['workout_duration', 'active_energy', 'resting_hr']"
2766,"['workout_duration', 'active_energy', 'sleep_duration']"
2767,"['workout_duration', 'active_energy', 'sleep_duration']"
2768,"['workout_duration', 'active_energy', 'resting_hr']"
2769,"['active_energy', 'avg_hr', 'workout_duration']"
2770,"['active_energy', 'exercise_time', 'workout_duration']"
2771,"['avg_hr', 'resting_hr', 'active_energy']"
2772,"['workout_duration', 'exercise_time', 'resting_hr']"
2773,"['workout_duration', 'sleep_duration', 'distance']"
2774,"['distance', 'workout_duration', 'active_energy']"
2775,"['workout_duration', 'active_energy', 'avg_hr']"
2776,"['steps', 'avg_hr', 'active_energy']"
2777,"['distance', 'active_energy', 'avg_hr']"
2778,"['workout_duration', 'resting_hr', 'avg_hr']"
2779,"['workout_duration', 'resting_hr', 'active_energy']"
2780,"['active_energy', 'sleep_duration', 'resting_hr']"
2781,"['workout_duration', 'active_energy', 'resting_hr']"
2782,"['workout_duration', 'active_energy', 'resting_hr']"
2783,"['workout_duration', 'active_energy', 'steps']"
2784,"['active_energy', 'workout_duration', 'avg_hr']"
2785,"['workout_duration', 'steps', 'exercise_time']"
2786,"['workout_duration', 'exercise_time', 'active_energy']"
2787,"['workout_duration', 'resting_hr', 'distance']"
2788,"['workout_duration', 'avg_hr', 'distance']"
2789,"['active_energy', 'workout_duration', 'steps']"
2790,"['workout_duration', 'active_energy', 'sleep_duration']"
2791,"['workout_duration', 'active_energy', 'steps']"
2792,"['workout_duration', 'avg_hr', 'active_energy']"
2793,"['active_energy', 'avg_hr', 'steps']"
2794,"['active_energy', 'workout_duration', 'avg_hr']"
2795,"['workout_duration', 'active_energy', 'avg_hr']"
2796,"['workout_duration', 'avg_hr', 'active_energy']"
2797,"['workout_duration', 'steps', 'active_energy']"
2798,"['active_energy', 'workout_duration', 'steps']"
2799,"['workout_duration', 'active_energy', 'steps']"
2800,"['workout_duration', 'active_energy', 'distance']"
2801,"['avg_hr', 'workout_duration', 'sleep_duration']"
2802,"['workout_duration', 'exercise_time', 'sleep_duration']"
2803,"['workout_duration', 'active_energy', 'exercise_time']"
2804,"['workout_duration', 'active_energy', 'avg_hr']"
2805,"['workout_duration', 'active_energy', 'avg_hr']"
2806,"['active_energy', 'steps', 'distance']"
2807,"['workout_duration', 'active_energy', 'steps']"
2808,"['workout_duration', 'active_energy', 'resting_hr']"
2809,"['workout_duration', 'active_energy', 'exercise_time']"
2810,"['workout_duration', 'active_energy', 'resting_hr']"
2811,"['workout_duration', 'active_energy', 'resting_hr']"
2812,"['workout_duration', 'active_energy', 'exercise_time']"
2813,"['workout_duration', 'avg_hr', 'sleep_duration']"
2814,"['active_energy', 'workout_duration', 'steps']"
2815,"['workout_duration', 'active_energy', 'avg_hr']"
2816,"['workout_duration', 'exercise_time', 'distance']"
2817,"['workout_duration', 'active_energy', 'avg_hr']"
2818,"['workout_duration', 'active_energy', 'distance']"
2819,"['workout_duration', 'avg_hr', 'active_energy']"
2820,"['workout_duration', 'exercise_time', 'distance']"
2821,"['workout_duration', 'active_energy', 'resting_hr']"
2822,"['workout_duration', 'active_energy', 'steps']"
2823,"['workout_duration', 'active_energy', 'steps']"
2824,"['active_energy', 'avg_hr', 'workout_duration']"
2825,"['workout_duration', 'active_energy', 'resting_hr']"
2826,"['workout_duration', 'avg_hr', 'active_energy']"
2827,"['avg_hr', 'workout_duration', 'active_energy']"
2828,"['workout_duration', 'active_energy', 'resting_hr']"
2829,"['avg_hr', 'workout_duration', 'steps']"
2830,"['workout_duration', 'active_energy', 'avg_hr']"
2831,"['workout_duration', 'active_energy', 'distance']"
2832,"['workout_duration', 'active_energy', 'avg_hr']"
2833,"['active_energy', 'workout_duration', 'distance']"
2834,"['workout_duration', 'active_energy', 'exercise_time']"
2835,"['workout_duration', 'steps', 'active_energy']"
2836,"['workout_duration', 'avg_hr', 'active_energy']"
2837,"['workout_duration', 'avg_hr', 'active_energy']"
2838,"['workout_duration', 'avg_hr', 'active_energy']"
2839,"['workout_duration', 'exercise_time', 'active_energy']"
2840,"['workout_duration', 'active_energy', 'distance']"
2841,"['workout_duration', 'active_energy', 'avg_hr']"
2842,"['workout_duration', 'steps', 'active_energy']"
2843,"['workout_duration', 'active_energy', 'resting_hr']"
2844,"['workout_duration', 'active_energy', 'steps']"
2845,"['workout_duration', 'active_energy', 'distance']"
2846,"['workout_duration', 'distance', 'active_energy']"
2847,"['workout_duration', 'active_energy', 'exercise_time']"
2848,"['workout_duration', 'active_energy', 'resting_hr']"
2849,"['active_energy', 'workout_duration', 'avg_hr']"
2850,"['active_energy', 'resting_hr', 'workout_duration']"
2851,"['workout_duration', 'active_energy', 'steps']"
2852,"['active_energy', 'workout_duration', 'resting_hr']"
2853,"['active_energy', 'workout_duration', 'avg_hr']"
2854,"['workout_duration', 'active_energy', 'resting_hr']"
2855,"['workout_duration', 'resting_hr', 'avg_hr']"
2856,"['workout_duration', 'active_energy', 'avg_hr']"
2857,"['active_energy', 'workout_duration', 'resting_hr']"
2858,"['workout_duration', 'active_energy', 'distance']"
2859,"['workout_duration', 'avg_hr', 'active_energy']"
2860,"['workout_duration', 'resting_hr', 'active_energy']"
2861,"['workout_duration', 'resting_hr', 'avg_hr']"
2862,"['workout_duration', 'active_energy', 'exercise_time']"
2863,"['active_energy', 'distance', 'avg_hr']"
2864,"['avg_hr', 'workout_duration', 'active_energy']"
2865,"['workout_duration', 'resting_hr', 'active_energy']"
2866,"['workout_duration', 'avg_hr', 'sleep_duration']"
2867,"['workout_duration', 'avg_hr', 'active_energy']"
2868,"['workout_duration', 'avg_hr', 'active_energy']"
2869,"['active_energy', 'workout_duration', 'avg_hr']"
2870,"['workout_duration', 'avg_hr', 'active_energy']"
2871,"['workout_duration', 'resting_hr', 'sleep_duration']"
2872,"['active_energy', 'workout_duration', 'distance']"
2873,"['workout_duration', 'steps', 'avg_hr']"
2874,"['workout_duration', 'avg_hr', 'sleep_duration']"
2875,"['workout_duration', 'active_energy', 'steps']"
2876,"['workout_duration', 'avg_hr', 'active_energy']"
2877,"['active_energy', 'avg_hr', 'workout_duration']"
2878,"['active_energy', 'steps', 'workout_duration']"
2879,"['active_energy', 'avg_hr', 'workout_duration']"
2880,"['workout_duration', 'avg_hr', 'active_energy']"
2881,"['workout_duration', 'exercise_time', 'active_energy']"
2882,"['workout_duration', 'active_energy', 'avg_hr']"
2883,"['active_energy', 'workout_duration', 'exercise_time']"
2884,"['workout_duration', 'resting_hr', 'avg_hr']"
2885,"['active_energy', 'workout_duration', 'resting_hr']"
2886,"['workout_duration', 'active_energy', 'resting_hr']"
2887,"['workout_duration', 'distance', 'sleep_duration']"
2888,"['workout_duration', 'avg_hr', 'steps']"
2889,"['active_energy', 'workout_duration', 'steps']"
2890,"['workout_duration', 'avg_hr', 'active_energy']"
2891,"['active_energy', 'workout_duration', 'resting_hr']"
2892,"['active_energy', 'workout_duration', 'avg_hr']"
2893,"['workout_duration', 'active_energy', 'exercise_time']"
2894,"['active_energy', 'workout_duration', 'avg_hr']"
2895,"['workout_duration', 'active_energy', 'resting_hr']"
2896,"['workout_duration', 'active_energy', 'exercise_time']"
2897,"['workout_duration', 'active_energy', 'sleep_duration']"
2898,"['workout_duration', 'active_energy', 'distance']"
2899,"['workout_duration', 'active_energy', 'steps']"
2900,"['workout_duration', 'active_energy', 'avg_hr']"
2901,"['avg_hr', 'workout_duration', 'active_energy']"
2902,"['workout_duration', 'active_energy', 'sleep_duration']"
2903,"['workout_duration', 'avg_hr', 'active_energy']"
2904,"['active_energy', 'workout_duration', 'resting_hr']"
2905,"['active_energy', 'avg_hr', 'workout_duration']"
2906,"['workout_duration', 'active_energy', 'steps']"
2907,"['workout_duration', 'avg_hr', 'steps']"
2908,"['workout_duration', 'active_energy', 'sleep_duration']"
2909,"['workout_duration', 'avg_hr', 'active_energy']"
2910,"['active_energy', 'workout_duration', 'sleep_duration']"
2911,"['active_energy', 'workout_duration', 'distance']"
2912,"['workout_duration', 'avg_hr', 'active_energy']"
2913,"['avg_hr', 'distance', 'active_energy']"
2914,"['workout_duration', 'active_energy', 'avg_hr']"
2915,"['active_energy', 'workout_duration', 'avg_hr']"
2916,"['avg_hr', 'steps', 'workout_duration']"
2917,"['workout_duration', 'active_energy', 'avg_hr']"
2918,"['workout_duration', 'sleep_duration', 'active_energy']"
2919,"['workout_duration', 'avg_hr', 'active_energy']"
2920,"['active_energy', 'distance', 'avg_hr']"
2921,"['workout_duration', 'active_energy', 'avg_hr']"
2922,"['workout_duration', 'active_energy', 'avg_hr']"
2923,"['workout_duration', 'avg_hr', 'exercise_time']"
2924,"['active_energy', 'workout_duration', 'avg_hr']"
2925,"['avg_hr', 'workout_duration', 'active_energy']"
2926,"['workout_duration', 'active_energy', 'steps']"
2927,"['workout_duration', 'active_energy', 'distance']"
2928,"['workout_duration', 'avg_hr', 'sleep_duration']"
2929,"['workout_duration', 'steps', 'active_energy']"
2930,"['active_energy', 'workout_duration', 'resting_hr']"
2931,"['active_energy', 'workout_duration', 'avg_hr']"
2932,"['workout_duration', 'active_energy', 'avg_hr']"
2933,"['workout_duration', 'exercise_time', 'avg_hr']"
2934,"['active_energy', 'workout_duration', 'avg_hr']"
2935,"['workout_duration', 'active_energy', 'distance']"
2936,"['workout_duration', 'avg_hr', 'active_energy']"
2937,"['workout_duration', 'avg_hr', 'active_energy']"
2938,"['workout_duration', 'avg_hr', 'steps']"
2939,"['avg_hr', 'active_energy', 'workout_duration']"
2940,"['avg_hr', 'active_energy', 'distance']"
2941,"['workout_duration', 'active_energy', 'avg_hr']"
2942,"['workout_duration', 'active_energy', 'exercise_time']"
2943,"['workout_duration', 'avg_hr', 'active_energy']"
2944,"['workout_duration', 'sleep_duration', 'active_energy']"
2945,"['workout_duration', 'active_energy', 'avg_hr']"
2946,"['workout_duration', 'avg_hr', 'exercise_time']"
2947,"['workout_duration', 'active_energy', 'sleep_duration']"
2948,"['workout_duration', 'active_energy', 'distance']"
2949,"['workout_duration', 'avg_hr', 'distance']"
2950,"['active_energy', 'avg_hr', 'exercise_time']"
2951,"['workout_duration', 'active_energy', 'steps']"
2952,"['active_energy', 'workout_duration', 'resting_hr']"
2953,"['exercise_time', 'sleep_duration', 'workout_duration']"
2954,"['workout_duration', 'active_energy', 'resting_hr']"
2955,"['avg_hr', 'workout_duration', 'active_energy']"
2956,"['workout_duration', 'active_energy', 'sleep_duration']"
2957,"['workout_duration', 'active_energy', 'distance']"
2958,"['active_energy', 'workout_duration', 'avg_hr']"
2959,"['active_energy', 'workout_duration', 'avg_hr']"
2960,"['active_energy', 'exercise_time', 'workout_duration']"
2961,"['active_energy', 'distance', 'workout_duration']"
2962,"['workout_duration', 'active_energy', 'distance']"
2963,"['workout_duration', 'active_energy', 'steps']"
2964,"['workout_duration', 'active_energy', 'resting_hr']"
2965,"['workout_duration', 'active_energy', 'avg_hr']"
2966,"['workout_duration', 'active_energy', 'avg_hr']"
2967,"['workout_duration', 'avg_hr', 'steps']"
2968,"['workout_duration', 'active_energy', 'resting_hr']"
2969,"['workout_duration', 'active_energy', 'avg_hr']"
2970,"['workout_duration', 'active_energy', 'avg_hr']"
2971,"['avg_hr', 'resting_hr', 'workout_duration']"
2972,"['workout_duration', 'active_energy', 'distance']"
2973,"['workout_duration', 'exercise_time', 'active_energy']"
2974,"['active_energy', 'workout_duration', 'avg_hr']"
2975,"['workout_duration', 'active_energy', 'exercise_time']"
2976,"['avg_hr', 'workout_duration', 'steps']"
2977,"['avg_hr', 'active_energy', 'workout_duration']"
2978,"['workout_duration', 'avg_hr', 'active_energy']"
2979,"['workout_duration', 'avg_hr', 'active_energy']"
2980,"['workout_duration', 'avg_hr', 'distance']"
2981,"['workout_duration', 'active_energy', 'distance']"
2982,"['workout_duration', 'active_energy', 'exercise_time']"
2983,"['workout_duration', 'active_energy', 'avg_hr']"
2984,"['workout_duration', 'active_energy', 'exercise_time']"
2985,"['active_energy', 'steps', 'avg_hr']"
2986,"['workout_duration', 'avg_hr', 'active_energy']"
2987,"['workout_duration', 'exercise_time', 'active_energy']"
2988,"['active_energy', 'workout_duration', 'exercise_time']"
2989,"['workout_duration', 'active_energy', 'avg_hr']"
2990,"['avg_hr', 'workout_duration', 'sleep_duration']"
2991,"['workout_duration', 'avg_hr', 'active_energy']"
2992,"['workout_duration', 'avg_hr', 'exercise_time']"
2993,"['workout_duration', 'active_energy', 'exercise_time']"
2994,"['workout_duration', 'avg_hr', 'active_energy']"
2995,"['active_energy', 'workout_duration', 'avg_hr']"
2996,"['workout_duration', 'active_energy', 'resting_hr']"
2997,"['workout_duration', 'active_energy', 'avg_hr']"
2998,"['active_energy', 'avg_hr', 'workout_duration']"
2999,"['active_energy', 'workout_duration', 'exercise_time']"
3000,"['workout_duration', 'active_energy', 'resting_hr']"
3001,"['workout_duration', 'active_energy', 'avg_hr']"
3002,"['workout_duration', 'steps', 'sleep_duration']"
3003,"['active_energy', 'workout_duration', 'avg_hr']"
3004,"['active_energy', 'steps', 'exercise_time']"
3005,"['workout_duration', 'distance', 'exercise_time']"
3006,"['avg_hr', 'resting_hr', 'active_energy']"
3007,"['workout_duration', 'active_energy', 'exercise_time']"
3008,"['active_energy', 'steps', 'workout_duration']"
3009,"['active_energy', 'avg_hr', 'workout_duration']"
3010,"['resting_hr', 'exercise_time', 'distance']"
3011,"['workout_duration', 'sleep_duration', 'distance']"
3012,"['workout_duration', 'exercise_time', 'sleep_duration']"
3013,"['workout_duration', 'active_energy', 'avg_hr']"
3014,"['workout_duration', 'active_energy', 'avg_hr']"
3015,"['active_energy', 'distance', 'resting_hr']"
3016,"['workout_duration', 'exercise_time', 'steps']"
3017,"['workout_duration', 'active_energy', 'avg_hr']"
3018,"['workout_duration', 'active_energy', 'resting_hr']"
3019,"['active_energy', 'workout_duration', 'resting_hr']"
3020,"['workout_duration', 'avg_hr', 'distance']"
3021,"['workout_duration', 'resting_hr', 'active_energy']"
3022,"['active_energy', 'workout_duration', 'sleep_duration']"
3023,"['workout_duration', 'avg_hr', 'active_energy']"
3024,"['workout_duration', 'active_energy', 'avg_hr']"
3025,"['workout_duration', 'avg_hr', 'active_energy']"
3026,"['workout_duration', 'avg_hr', 'active_energy']"
3027,"['workout_duration', 'avg_hr', 'active_energy']"
3028,"['workout_duration', 'active_energy', 'avg_hr']"
3029,"['workout_duration', 'active_energy', 'exercise_time']"
3030,"['workout_duration', 'active_energy', 'steps']"
3031,"['avg_hr', 'workout_duration', 'steps']"
3032,"['workout_duration', 'avg_hr', 'active_energy']"
3033,"['workout_duration', 'active_energy', 'resting_hr']"
3034,"['workout_duration', 'active_energy', 'steps']"
3035,"['active_energy', 'workout_duration', 'avg_hr']"
3036,"['workout_duration', 'active_energy', 'avg_hr']"
3037,"['workout_duration', 'active_energy', 'sleep_duration']"
3038,"['active_energy', 'workout_duration', 'exercise_time']"
3039,"['workout_duration', 'active_energy', 'avg_hr']"
3040,"['workout_duration', 'active_energy', 'sleep_duration']"
3041,"['workout_duration', 'active_energy', 'resting_hr']"
3042,"['active_energy', 'avg_hr', 'workout_duration']"
3043,"['workout_duration', 'active_energy', 'avg_hr']"
3044,"['workout_duration', 'avg_hr', 'active_energy']"
3045,"['workout_duration', 'sleep_duration', 'avg_hr']"
3046,"['workout_duration', 'active_energy', 'steps']"
3047,"['workout_duration', 'active_energy', 'resting_hr']"
3048,"['workout_duration', 'active_energy', 'avg_hr']"
3049,"['workout_duration', 'steps', 'avg_hr']"
3050,"['workout_duration', 'active_energy', 'exercise_time']"
3051,"['workout_duration', 'active_energy', 'resting_hr']"
3052,"['active_energy', 'exercise_time', 'avg_hr']"
3053,"['workout_duration', 'avg_hr', 'steps']"
3054,"['workout_duration', 'steps', 'active_energy']"
3055,"['avg_hr', 'active_energy', 'sleep_duration']"
3056,"['avg_hr', 'active_energy', 'workout_duration']"
3057,"['avg_hr', 'workout_duration', 'active_energy']"
3058,"['active_energy', 'workout_duration', 'steps']"
3059,"['workout_duration', 'avg_hr', 'resting_hr']"
3060,"['workout_duration', 'active_energy', 'resting_hr']"
3061,"['active_energy', 'workout_duration', 'avg_hr']"
3062,"['workout_duration', 'active_energy', 'avg_hr']"
3063,"['workout_duration', 'active_energy', 'sleep_duration']"
3064,"['avg_hr', 'workout_duration', 'active_energy']"
3065,"['workout_duration', 'avg_hr', 'active_energy']"
3066,"['active_energy', 'workout_duration', 'exercise_time']"
3067,"['workout_duration', 'active_energy', 'resting_hr']"
3068,"['active_energy', 'workout_duration', 'steps']"
3069,"['workout_duration', 'active_energy', 'avg_hr']"
3070,"['workout_duration', 'active_energy', 'avg_hr']"
3071,"['workout_duration', 'exercise_time', 'resting_hr']"
3072,"['active_energy', 'workout_duration', 'resting_hr']"
3073,"['active_energy', 'workout_duration', 'sleep_duration']"
3074,"['workout_duration', 'sleep_duration', 'distance']"
3075,"['active_energy', 'workout_duration', 'avg_hr']"
3076,"['workout_duration', 'active_energy', 'sleep_duration']"
3077,"['workout_duration', 'distance', 'resting_hr']"
3078,"['workout_duration', 'avg_hr', 'active_energy']"
3079,"['workout_duration', 'avg_hr', 'steps']"
3080,"['workout_duration', 'avg_hr', 'active_energy']"
3081,"['active_energy', 'workout_duration', 'avg_hr']"
3082,"['workout_duration', 'distance', 'sleep_duration']"
3083,"['avg_hr', 'workout_duration', 'active_energy']"
3084,"['workout_duration', 'distance', 'steps']"
3085,"['workout_duration', 'avg_hr', 'active_energy']"
3086,"['workout_duration', 'active_energy', 'distance']"
3087,"['workout_duration', 'avg_hr', 'resting_hr']"
3088,"['workout_duration', 'resting_hr', 'avg_hr']"
3089,"['avg_hr', 'workout_duration', 'active_energy']"
3090,"['workout_duration', 'avg_hr', 'sleep_duration']"
3091,"['active_energy', 'avg_hr', 'workout_duration']"
3092,"['active_energy', 'resting_hr', 'avg_hr']"
3093,"['active_energy', 'avg_hr', 'sleep_duration']"
3094,"['workout_duration', 'active_energy', 'exercise_time']"
3095,"['active_energy', 'workout_duration', 'sleep_duration']"
3096,"['active_energy', 'avg_hr', 'sleep_duration']"
3097,"['workout_duration', 'active_energy', 'avg_hr']"
3098,"['active_energy', 'avg_hr', 'resting_hr']"
3099,"['workout_duration', 'active_energy', 'exercise_time']"
3100,"['active_energy', 'workout_duration', 'steps']"
3101,"['workout_duration', 'active_energy', 'avg_hr']"
3102,"['workout_duration', 'sleep_duration', 'distance']"
3103,"['workout_duration', 'active_energy', 'exercise_time']"
3104,"['workout_duration', 'active_energy', 'resting_hr']"
3105,"['sleep_duration', 'workout_duration', 'exercise_time']"
3106,"['workout_duration', 'avg_hr', 'active_energy']"
3107,"['workout_duration', 'resting_hr', 'active_energy']"
3108,"['workout_duration', 'active_energy', 'avg_hr']"
3109,"['workout_duration', 'active_energy', 'avg_hr']"
3110,"['workout_duration', 'active_energy', 'resting_hr']"
3111,"['workout_duration', 'active_energy', 'sleep_duration']"
3112,"['workout_duration', 'exercise_time', 'active_energy']"
3113,"['avg_hr', 'workout_duration', 'active_energy']"
3114,"['active_energy', 'avg_hr', 'workout_duration']"
3115,"['workout_duration', 'active_energy', 'avg_hr']"
3116,"['active_energy', 'workout_duration', 'exercise_time']"
3117,"['workout_duration', 'active_energy', 'avg_hr']"
3118,"['workout_duration', 'active_energy', 'distance']"
3119,"['workout_duration', 'active_energy', 'sleep_duration']"
3120,"['avg_hr', 'workout_duration', 'sleep_duration']"
3121,"['avg_hr', 'active_energy', 'workout_duration']"
3122,"['active_energy', 'sleep_duration', 'workout_duration']"
3123,"['workout_duration', 'active_energy', 'avg_hr']"
3124,"['workout_duration', 'avg_hr', 'distance']"
3125,"['workout_duration', 'active_energy', 'sleep_duration']"
3126,"['workout_duration', 'active_energy', 'avg_hr']"
3127,"['active_energy', 'workout_duration', 'avg_hr']"
3128,"['workout_duration', 'resting_hr', 'active_energy']"
3129,"['workout_duration', 'avg_hr', 'active_energy']"
3130,"['workout_duration', 'avg_hr', 'steps']"
3131,"['workout_duration', 'active_energy', 'resting_hr']"
3132,"['workout_duration', 'active_energy', 'avg_hr']"
3133,"['workout_duration', 'active_energy', 'exercise_time']"
3134,"['workout_duration', 'exercise_time', 'active_energy']"
3135,"['avg_hr', 'workout_duration', 'active_energy']"
3136,"['workout_duration', 'active_energy', 'steps']"
3137,"['workout_duration', 'avg_hr', 'active_energy']"
3138,"['sleep_duration', 'workout_duration', 'avg_hr']"
3139,"['active_energy', 'workout_duration', 'exercise_time']"
3140,"['workout_duration', 'active_energy', 'avg_hr']"
3141,"['workout_duration', 'exercise_time', 'active_energy']"
3142,"['workout_duration', 'active_energy', 'distance']"
3143,"['workout_duration', 'exercise_time', 'active_energy']"
3144,"['workout_duration', 'active_energy', 'avg_hr']"
3145,"['workout_duration', 'active_energy', 'steps']"
3146,"['workout_duration', 'active_energy', 'exercise_time']"
3147,"['workout_duration', 'active_energy', 'distance']"
3148,"['avg_hr', 'workout_duration', 'active_energy']"
3149,"['workout_duration', 'active_energy', 'avg_hr']"
3150,"['workout_duration', 'avg_hr', 'steps']"
3151,"['active_energy', 'workout_duration', 'avg_hr']"
3152,"['active_energy', 'workout_duration', 'avg_hr']"
3153,"['workout_duration', 'active_energy', 'avg_hr']"
3154,"['workout_duration', 'avg_hr', 'active_energy']"
3155,"['avg_hr', 'active_energy', 'workout_duration']"
3156,"['workout_duration', 'avg_hr', 'distance']"
3157,"['workout_duration', 'active_energy', 'avg_hr']"
3158,"['active_energy', 'avg_hr', 'steps']"
3159,"['workout_duration', 'distance', 'active_energy']"
3160,"['workout_duration', 'active_energy', 'sleep_duration']"
3161,"['workout_duration', 'steps', 'avg_hr']"
3162,"['workout_duration', 'avg_hr', 'active_energy']"
3163,"['workout_duration', 'active_energy', 'steps']"
3164,"['workout_duration', 'active_energy', 'avg_hr']"
3165,"['workout_duration', 'active_energy', 'avg_hr']"
3166,"['active_energy', 'exercise_time', 'sleep_duration']"
3167,"['workout_duration', 'active_energy', 'avg_hr']"
3168,"['active_energy', 'workout_duration', 'avg_hr']"
3169,"['active_energy', 'workout_duration', 'steps']"
3170,"['workout_duration', 'active_energy', 'avg_hr']"
3171,"['workout_duration', 'active_energy', 'resting_hr']"
3172,"['workout_duration', 'active_energy', 'avg_hr']"
3173,"['avg_hr', 'workout_duration', 'steps']"
3174,"['workout_duration', 'resting_hr', 'active_energy']"
3175,"['workout_duration', 'active_energy', 'steps']"
3176,"['workout_duration', 'active_energy', 'avg_hr']"
3177,"['workout_duration', 'active_energy', 'distance']"
3178,"['workout_duration', 'avg_hr', 'distance']"
3179,"['workout_duration', 'avg_hr', 'active_energy']"
3180,"['workout_duration', 'active_energy', 'distance']"
3181,"['workout_duration', 'active_energy', 'avg_hr']"
3182,"['workout_duration', 'active_energy', 'avg_hr']"
3183,"['workout_duration', 'active_energy', 'sleep_duration']"
3184,"['active_energy', 'workout_duration', 'resting_hr']"
3185,"['workout_duration', 'active_energy', 'exercise_time']"
3186,"['active_energy', 'workout_duration', 'exercise_time']"
3187,"['workout_duration', 'distance', 'sleep_duration']"
3188,"['workout_duration', 'active_energy', 'avg_hr']"
3189,"['workout_duration', 'avg_hr', 'active_energy']"
3190,"['active_energy', 'workout_duration', 'exercise_time']"
3191,"['workout_duration', 'active_energy', 'avg_hr']"
3192,"['workout_duration', 'distance', 'resting_hr']"
3193,"['active_energy', 'workout_duration', 'distance']"
3194,"['workout_duration', 'active_energy', 'steps']"
3195,"['workout_duration', 'avg_hr', 'active_energy']"
3196,"['workout_duration', 'avg_hr', 'exercise_time']"
3197,"['workout_duration', 'avg_hr', 'active_energy']"
3198,"['avg_hr', 'workout_duration', 'sleep_duration']"
3199,"['workout_duration', 'distance', 'active_energy']"
3200,"['workout_duration', 'active_energy', 'avg_hr']"
3201,"['workout_duration', 'active_energy', 'exercise_time']"
3202,"['workout_duration', 'active_energy', 'avg_hr']"
3203,"['active_energy', 'workout_duration', 'exercise_time']"
3204,"['workout_duration', 'active_energy', 'avg_hr']"
3205,"['avg_hr', 'workout_duration', 'sleep_duration']"
3206,"['workout_duration', 'active_energy', 'sleep_duration']"
3207,"['workout_duration', 'avg_hr', 'resting_hr']"
3208,"['workout_duration', 'active_energy', 'distance']"
3209,"['workout_duration', 'active_energy', 'avg_hr']"
3210,"['workout_duration', 'resting_hr', 'steps']"
3211,"['workout_duration', 'steps', 'active_energy']"
3212,"['workout_duration', 'active_energy', 'exercise_time']"
3213,"['workout_duration', 'active_energy', 'exercise_time']"
3214,"['workout_duration', 'sleep_duration', 'active_energy']"
3215,"['workout_duration', 'sleep_duration', 'exercise_time']"
3216,"['active_energy', 'workout_duration', 'steps']"
3217,"['active_energy', 'workout_duration', 'steps']"
3218,"['workout_duration', 'avg_hr', 'resting_hr']"
3219,"['active_energy', 'workout_duration', 'distance']"
3220,"['workout_duration', 'active_energy', 'sleep_duration']"
3221,"['workout_duration', 'exercise_time', 'active_energy']"
3222,"['workout_duration', 'active_energy', 'avg_hr']"
3223,"['active_energy', 'workout_duration', 'resting_hr']"
3224,"['active_energy', 'workout_duration', 'avg_hr']"
3225,"['workout_duration', 'avg_hr', 'active_energy']"
3226,"['workout_duration', 'active_energy', 'avg_hr']"
3227,"['workout_duration', 'active_energy', 'sleep_duration']"
3228,"['distance', 'workout_duration', 'active_energy']"
3229,"['workout_duration', 'active_energy', 'distance']"
3230,"['workout_duration', 'active_energy', 'exercise_time']"
3231,"['workout_duration', 'avg_hr', 'active_energy']"
3232,"['workout_duration', 'avg_hr', 'sleep_duration']"
3233,"['active_energy', 'workout_duration', 'distance']"
3234,"['workout_duration', 'active_energy', 'avg_hr']"
3235,"['workout_duration', 'active_energy', 'avg_hr']"
3236,"['workout_duration', 'exercise_time', 'active_energy']"
3237,"['workout_duration', 'resting_hr', 'avg_hr']"
3238,"['active_energy', 'workout_duration', 'steps']"
3239,"['workout_duration', 'distance', 'active_energy']"
3240,"['active_energy', 'workout_duration', 'steps']"
3241,"['workout_duration', 'active_energy', 'avg_hr']"
3242,"['active_energy', 'workout_duration', 'resting_hr']"
3243,"['workout_duration', 'active_energy', 'avg_hr']"
3244,"['workout_duration', 'active_energy', 'sleep_duration']"
3245,"['active_energy', 'workout_duration', 'avg_hr']"
3246,"['workout_duration', 'avg_hr', 'sleep_duration']"
3247,"['workout_duration', 'active_energy', 'distance']"
3248,"['avg_hr', 'active_energy', 'sleep_duration']"
3249,"['active_energy', 'workout_duration', 'resting_hr']"
3250,"['avg_hr', 'workout_duration', 'active_energy']"
3251,"['workout_duration', 'distance', 'exercise_time']"
3252,"['workout_duration', 'resting_hr', 'active_energy']"
3253,"['workout_duration', 'avg_hr', 'resting_hr']"
3254,"['active_energy', 'workout_duration', 'steps']"
3255,"['workout_duration', 'active_energy', 'resting_hr']"
3256,"['workout_duration', 'active_energy', 'avg_hr']"
3257,"['workout_duration', 'active_energy', 'sleep_duration']"
3258,"['workout_duration', 'avg_hr', 'distance']"
3259,"['workout_duration', 'active_energy', 'distance']"
3260,"['workout_duration', 'avg_hr', 'active_energy']"
3261,"['workout_duration', 'distance', 'active_energy']"
3262,"['workout_duration', 'active_energy', 'sleep_duration']"
3263,"['workout_duration', 'active_energy', 'distance']"
3264,"['active_energy', 'workout_duration', 'resting_hr']"
3265,"['workout_duration', 'active_energy', 'distance']"
3266,"['workout_duration', 'active_energy', 'avg_hr']"
3267,"['workout_duration', 'active_energy', 'exercise_time']"
3268,"['active_energy', 'workout_duration', 'distance']"
3269,"['active_energy', 'workout_duration', 'exercise_time']"
3270,"['avg_hr', 'workout_duration', 'active_energy']"
3271,"['workout_duration', 'active_energy', 'resting_hr']"
3272,"['workout_duration', 'steps', 'avg_hr']"
3273,"['workout_duration', 'active_energy', 'resting_hr']"
3274,"['workout_duration', 'active_energy', 'avg_hr']"
3275,"['active_energy', 'workout_duration', 'avg_hr']"
3276,"['active_energy', 'workout_duration', 'sleep_duration']"
3277,"['workout_duration', 'active_energy', 'steps']"
3278,"['workout_duration', 'sleep_duration', 'avg_hr']"
3279,"['active_energy', 'workout_duration', 'avg_hr']"
3280,"['avg_hr', 'workout_duration', 'distance']"
3281,"['workout_duration', 'active_energy', 'steps']"
3282,"['workout_duration', 'active_energy', 'steps']"
3283,"['workout_duration', 'active_energy', 'distance']"
3284,"['active_energy', 'workout_duration', 'avg_hr']"
3285,"['workout_duration', 'active_energy', 'exercise_time']"
3286,"['avg_hr', 'workout_duration', 'steps']"
3287,"['workout_duration', 'active_energy', 'distance']"
3288,"['workout_duration', 'active_energy', 'sleep_duration']"
3289,"['active_energy', 'workout_duration', 'avg_hr']"
3290,"['active_energy', 'workout_duration', 'exercise_time']"
3291,"['workout_duration', 'avg_hr', 'active_energy']"
3292,"['workout_duration', 'sleep_duration', 'active_energy']"
3293,"['workout_duration', 'active_energy', 'avg_hr']"
3294,"['active_energy', 'workout_duration', 'avg_hr']"
3295,"['workout_duration', 'active_energy', 'steps']"
3296,"['workout_duration', 'active_energy', 'distance']"
3297,"['active_energy', 'workout_duration', 'sleep_duration']"
3298,"['avg_hr', 'active_energy', 'workout_duration']"
3299,"['sleep_duration', 'workout_duration', 'active_energy']"
3300,"['resting_hr', 'active_energy', 'workout_duration']"
3301,"['workout_duration', 'sleep_duration', 'active_energy']"
3302,"['workout_duration', 'active_energy', 'avg_hr']"
3303,"['workout_duration', 'active_energy', 'exercise_time']"
3304,"['workout_duration', 'active_energy', 'avg_hr']"
3305,"['workout_duration', 'active_energy', 'sleep_duration']"
3306,"['workout_duration', 'avg_hr', 'active_energy']"
3307,"['active_energy', 'workout_duration', 'exercise_time']"
3308,"['workout_duration', 'active_energy', 'avg_hr']"
3309,"['workout_duration', 'sleep_duration', 'avg_hr']"
3310,"['distance', 'workout_duration', 'avg_hr']"
3311,"['workout_duration', 'active_energy', 'sleep_duration']"
3312,"['workout_duration', 'sleep_duration', 'resting_hr']"
3313,"['workout_duration', 'active_energy', 'steps']"
3314,"['workout_duration', 'avg_hr', 'resting_hr']"
3315,"['active_energy', 'workout_duration', 'avg_hr']"
3316,"['avg_hr', 'active_energy', 'workout_duration']"
3317,"['workout_duration', 'active_energy', 'avg_hr']"
3318,"['workout_duration', 'steps', 'avg_hr']"
3319,"['workout_duration', 'steps', 'avg_hr']"
3320,"['workout_duration', 'avg_hr', 'active_energy']"
3321,"['workout_duration', 'resting_hr', 'active_energy']"
3322,"['workout_duration', 'sleep_duration', 'resting_hr']"
3323,"['avg_hr', 'active_energy', 'workout_duration']"
3324,"['avg_hr', 'workout_duration', 'sleep_duration']"
3325,"['workout_duration', 'avg_hr', 'steps']"
3326,"['active_energy', 'workout_duration', 'distance']"
3327,"['workout_duration', 'active_energy', 'sleep_duration']"
3328,"['workout_duration', 'avg_hr', 'active_energy']"
3329,"['workout_duration', 'active_energy', 'resting_hr']"
3330,"['workout_duration', 'active_energy', 'sleep_duration']"
3331,"['active_energy', 'workout_duration', 'distance']"
3332,"['workout_duration', 'avg_hr', 'exercise_time']"
3333,"['workout_duration', 'resting_hr', 'active_energy']"
3334,"['workout_duration', 'avg_hr', 'active_energy']"
3335,"['avg_hr', 'workout_duration', 'steps']"
3336,"['workout_duration', 'active_energy', 'steps']"
3337,"['active_energy', 'workout_duration', 'sleep_duration']"
3338,"['active_energy', 'workout_duration', 'distance']"
3339,"['workout_duration', 'active_energy', 'exercise_time']"
3340,"['avg_hr', 'workout_duration', 'sleep_duration']"
3341,"['workout_duration', 'active_energy', 'avg_hr']"
3342,"['avg_hr', 'steps', 'active_energy']"
3343,"['workout_duration', 'active_energy', 'distance']"
3344,"['workout_duration', 'active_energy', 'avg_hr']"
3345,"['workout_duration', 'exercise_time', 'active_energy']"
3346,"['workout_duration', 'active_energy', 'resting_hr']"
3347,"['active_energy', 'workout_duration', 'distance']"
3348,"['workout_duration', 'active_energy', 'avg_hr']"
3349,"['workout_duration', 'avg_hr', 'active_energy']"
3350,"['active_energy', 'workout_duration', 'exercise_time']"
3351,"['avg_hr', 'workout_duration', 'active_energy']"
3352,"['workout_duration', 'avg_hr', 'sleep_duration']"
3353,"['active_energy', 'workout_duration', 'sleep_duration']"
3354,"['steps', 'active_energy', 'workout_duration']"
3355,"['workout_duration', 'avg_hr', 'exercise_time']"
3356,"['workout_duration', 'distance', 'avg_hr']"
3357,"['workout_duration', 'active_energy', 'resting_hr']"
3358,"['active_energy', 'workout_duration', 'sleep_duration']"
3359,"['workout_duration', 'resting_hr', 'distance']"
3360,"['workout_duration', 'active_energy', 'avg_hr']"
3361,"['avg_hr', 'active_energy', 'workout_duration']"
3362,"['workout_duration', 'active_energy', 'avg_hr']"
3363,"['workout_duration', 'avg_hr', 'exercise_time']"
3364,"['workout_duration', 'steps', 'avg_hr']"
3365,"['workout_duration', 'avg_hr', 'distance']"
3366,"['avg_hr', 'active_energy', 'workout_duration']"
3367,"['active_energy', 'workout_duration', 'avg_hr']"
3368,"['active_energy', 'avg_hr', 'workout_duration']"
3369,"['workout_duration', 'active_energy', 'distance']"
3370,"['workout_duration', 'active_energy', 'avg_hr']"
3371,"['workout_duration', 'avg_hr', 'active_energy']"
3372,"['workout_duration', 'active_energy', 'distance']"
3373,"['workout_duration', 'active_energy', 'steps']"
3374,"['workout_duration', 'active_energy', 'sleep_duration']"
3375,"['workout_duration', 'active_energy', 'distance']"
3376,"['workout_duration', 'avg_hr', 'active_energy']"
3377,"['active_energy', 'workout_duration', 'resting_hr']"
3378,"['workout_duration', 'active_energy', 'steps']"
3379,"['active_energy', 'workout_duration', 'exercise_time']"
3380,"['workout_duration', 'active_energy', 'exercise_time']"
3381,"['workout_duration', 'active_energy', 'steps']"
3382,"['workout_duration', 'active_energy', 'exercise_time']"
3383,"['workout_duration', 'active_energy', 'steps']"
3384,"['active_energy', 'workout_duration', 'resting_hr']"
3385,"['avg_hr', 'active_energy', 'workout_duration']"
3386,"['workout_duration', 'active_energy', 'avg_hr']"
3387,"['steps', 'avg_hr', 'workout_duration']"
3388,"['workout_duration', 'avg_hr', 'resting_hr']"
3389,"['active_energy', 'workout_duration', 'resting_hr']"
3390,"['active_energy', 'workout_duration', 'distance']"
3391,"['workout_duration', 'steps', 'avg_hr']"
3392,"['active_energy', 'workout_duration', 'exercise_time']"
3393,"['workout_duration', 'active_energy', 'avg_hr']"
3394,"['workout_duration', 'active_energy', 'distance']"
3395,"['workout_duration', 'active_energy', 'avg_hr']"
3396,"['workout_duration', 'active_energy', 'exercise_time']"
3397,"['active_energy', 'workout_duration', 'resting_hr']"
3398,"['active_energy', 'steps', 'workout_duration']"
3399,"['active_energy', 'workout_duration', 'sleep_duration']"
3400,"['active_energy', 'avg_hr', 'workout_duration']"
3401,"['active_energy', 'workout_duration', 'sleep_duration']"
3402,"['exercise_time', 'workout_duration', 'active_energy']"
3403,"['workout_duration', 'active_energy', 'distance']"
3404,"['workout_duration', 'steps', 'exercise_time']"
3405,"['workout_duration', 'resting_hr', 'distance']"
3406,"['workout_duration', 'active_energy', 'avg_hr']"
3407,"['exercise_time', 'active_energy', 'workout_duration']"
3408,"['workout_duration', 'avg_hr', 'active_energy']"
3409,"['avg_hr', 'active_energy', 'workout_duration']"
3410,"['workout_duration', 'sleep_duration', 'active_energy']"
3411,"['workout_duration', 'active_energy', 'distance']"
3412,"['active_energy', 'workout_duration', 'avg_hr']"
3413,"['workout_duration', 'active_energy', 'avg_hr']"
3414,"['workout_duration', 'active_energy', 'resting_hr']"
3415,"['workout_duration', 'avg_hr', 'active_energy']"
3416,"['workout_duration', 'active_energy', 'avg_hr']"
3417,"['avg_hr', 'active_energy', 'workout_duration']"
3418,"['workout_duration', 'active_energy', 'avg_hr']"
3419,"['avg_hr', 'workout_duration', 'active_energy']"
3420,"['workout_duration', 'active_energy', 'steps']"
3421,"['workout_duration', 'active_energy', 'steps']"
3422,"['workout_duration', 'active_energy', 'steps']"
3423,"['active_energy', 'workout_duration', 'steps']"
3424,"['workout_duration', 'avg_hr', 'steps']"
3425,"['workout_duration', 'active_energy', 'avg_hr']"
3426,"['workout_duration', 'active_energy', 'avg_hr']"
3427,"['workout_duration', 'distance', 'avg_hr']"
3428,"['active_energy', 'workout_duration', 'avg_hr']"
3429,"['workout_duration', 'sleep_duration', 'avg_hr']"
3430,"['active_energy', 'workout_duration', 'exercise_time']"
3431,"['workout_duration', 'active_energy', 'sleep_duration']"
3432,"['active_energy', 'workout_duration', 'avg_hr']"
3433,"['workout_duration', 'avg_hr', 'steps']"
3434,"['active_energy', 'avg_hr', 'workout_duration']"
3435,"['workout_duration', 'active_energy', 'steps']"
3436,"['workout_duration', 'active_energy', 'exercise_time']"
3437,"['workout_duration', 'avg_hr', 'active_energy']"
3438,"['workout_duration', 'active_energy', 'avg_hr']"
3439,"['active_energy', 'workout_duration', 'avg_hr']"
3440,"['active_energy', 'steps', 'workout_duration']"
3441,"['workout_duration', 'steps', 'active_energy']"
3442,"['active_energy', 'workout_duration', 'avg_hr']"
3443,"['workout_duration', 'avg_hr', 'active_energy']"
3444,"['active_energy', 'workout_duration', 'resting_hr']"
3445,"['workout_duration', 'active_energy', 'avg_hr']"
3446,"['steps', 'active_energy', 'avg_hr']"
3447,"['workout_duration', 'avg_hr', 'active_energy']"
3448,"['active_energy', 'steps', 'workout_duration']"
3449,"['workout_duration', 'active_energy', 'avg_hr']"
3450,"['active_energy', 'workout_duration', 'exercise_time']"
3451,"['workout_duration', 'active_energy', 'sleep_duration']"
3452,"['workout_duration', 'avg_hr', 'active_energy']"
3453,"['workout_duration', 'active_energy', 'avg_hr']"
3454,"['workout_duration', 'active_energy', 'sleep_duration']"
3455,"['active_energy', 'avg_hr', 'workout_duration']"
3456,"['workout_duration', 'active_energy', 'distance']"
3457,"['active_energy', 'workout_duration', 'avg_hr']"
3458,"['workout_duration', 'avg_hr', 'active_energy']"
3459,"['active_energy', 'workout_duration', 'resting_hr']"
3460,"['workout_duration', 'avg_hr', 'active_energy']"
3461,"['workout_duration', 'active_energy', 'avg_hr']"
3462,"['workout_duration', 'active_energy', 'distance']"
3463,"['active_energy', 'workout_duration', 'distance']"
3464,"['workout_duration', 'active_energy', 'avg_hr']"
3465,"['workout_duration', 'active_energy', 'distance']"
3466,"['workout_duration', 'sleep_duration', 'active_energy']"
3467,"['active_energy', 'workout_duration', 'avg_hr']"
3468,"['avg_hr', 'workout_duration', 'active_energy']"
3469,"['active_energy', 'workout_duration', 'resting_hr']"
3470,"['active_energy', 'workout_duration', 'avg_hr']"
3471,"['workout_duration', 'active_energy', 'sleep_duration']"
3472,"['workout_duration', 'active_energy', 'resting_hr']"
3473,"['workout_duration', 'active_energy', 'avg_hr']"
3474,"['workout_duration', 'avg_hr', 'active_energy']"
3475,"['active_energy', 'workout_duration', 'steps']"
3476,"['active_energy', 'workout_duration', 'steps']"
3477,"['workout_duration', 'avg_hr', 'exercise_time']"
3478,"['workout_duration', 'active_energy', 'distance']"
3479,"['resting_hr', 'workout_duration', 'active_energy']"
3480,"['exercise_time', 'workout_duration', 'avg_hr']"
3481,"['active_energy', 'avg_hr', 'workout_duration']"
3482,"['workout_duration', 'avg_hr', 'steps']"
3483,"['workout_duration', 'avg_hr', 'active_energy']"
3484,"['active_energy', 'steps', 'workout_duration']"
3485,"['workout_duration', 'avg_hr', 'active_energy']"
3486,"['active_energy', 'avg_hr', 'workout_duration']"
3487,"['workout_duration', 'active_energy', 'avg_hr']"
3488,"['active_energy', 'workout_duration', 'steps']"
3489,"['workout_duration', 'active_energy', 'resting_hr']"
3490,"['workout_duration', 'avg_hr', 'exercise_time']"
3491,"['workout_duration', 'active_energy', 'sleep_duration']"
3492,"['workout_duration', 'avg_hr', 'active_energy']"
3493,"['workout_duration', 'active_energy', 'sleep_duration']"
3494,"['active_energy', 'workout_duration', 'avg_hr']"
3495,"['active_energy', 'workout_duration', 'distance']"
3496,"['workout_duration', 'active_energy', 'exercise_time']"
3497,"['active_energy', 'workout_duration', 'steps']"
3498,"['active_energy', 'workout_duration', 'exercise_time']"
3499,"['workout_duration', 'avg_hr', 'active_energy']"
3500,"['avg_hr', 'active_energy', 'workout_duration']"
3501,"['workout_duration', 'distance', 'active_energy']"
3502,"['workout_duration', 'avg_hr', 'active_energy']"
3503,"['workout_duration', 'active_energy', 'resting_hr']"
3504,"['active_energy', 'workout_duration', 'avg_hr']"
3505,"['active_energy', 'workout_duration', 'avg_hr']"
3506,"['workout_duration', 'distance', 'active_energy']"
3507,"['workout_duration', 'active_energy', 'sleep_duration']"
3508,"['workout_duration', 'avg_hr', 'active_energy']"
3509,"['resting_hr', 'workout_duration', 'active_energy']"
3510,"['avg_hr', 'workout_duration', 'sleep_duration']"
3511,"['workout_duration', 'sleep_duration', 'resting_hr']"
3512,"['active_energy', 'workout_duration', 'sleep_duration']"
3513,"['active_energy', 'workout_duration', 'exercise_time']"
3514,"['workout_duration', 'avg_hr', 'sleep_duration']"
3515,"['workout_duration', 'active_energy', 'steps']"
3516,"['workout_duration', 'resting_hr', 'avg_hr']"
3517,"['active_energy', 'workout_duration', 'sleep_duration']"
3518,"['workout_duration', 'active_energy', 'distance']"
3519,"['active_energy', 'avg_hr', 'workout_duration']"
3520,"['workout_duration', 'sleep_duration', 'active_energy']"
3521,"['workout_duration', 'active_energy', 'exercise_time']"
3522,"['workout_duration', 'resting_hr', 'exercise_time']"
3523,"['workout_duration', 'avg_hr', 'active_energy']"
3524,"['workout_duration', 'active_energy', 'sleep_duration']"
3525,"['workout_duration', 'resting_hr', 'sleep_duration']"
3526,"['workout_duration', 'active_energy', 'avg_hr']"
3527,"['workout_duration', 'avg_hr', 'steps']"
3528,"['workout_duration', 'avg_hr', 'active_energy']"
3529,"['workout_duration', 'active_energy', 'sleep_duration']"
3530,"['avg_hr', 'workout_duration', 'active_energy']"
3531,"['active_energy', 'workout_duration', 'steps']"
3532,"['active_energy', 'avg_hr', 'workout_duration']"
3533,"['active_energy', 'avg_hr', 'resting_hr']"
3534,"['workout_duration', 'active_energy', 'avg_hr']"
3535,"['avg_hr', 'workout_duration', 'active_energy']"
3536,"['workout_duration', 'active_energy', 'steps']"
3537,"['workout_duration', 'active_energy', 'avg_hr']"
3538,"['workout_duration', 'active_energy', 'avg_hr']"
3539,"['workout_duration', 'resting_hr', 'avg_hr']"
3540,"['workout_duration', 'avg_hr', 'active_energy']"
3541,"['active_energy', 'workout_duration', 'avg_hr']"
3542,"['avg_hr', 'active_energy', 'steps']"
3543,"['workout_duration', 'exercise_time', 'active_energy']"
3544,"['workout_duration', 'active_energy', 'avg_hr']"
3545,"['active_energy', 'workout_duration', 'avg_hr']"
3546,"['workout_duration', 'avg_hr', 'distance']"
3547,"['avg_hr', 'active_energy', 'exercise_time']"
3548,"['workout_duration', 'avg_hr', 'active_energy']"
3549,"['workout_duration', 'active_energy', 'sleep_duration']"
3550,"['active_energy', 'workout_duration', 'avg_hr']"
3551,"['workout_duration', 'active_energy', 'avg_hr']"
3552,"['workout_duration', 'active_energy', 'avg_hr']"
3553,"['resting_hr', 'workout_duration', 'active_energy']"
3554,"['workout_duration', 'active_energy', 'exercise_time']"
3555,"['workout_duration', 'active_energy', 'avg_hr']"
3556,"['workout_duration', 'active_energy', 'exercise_time']"
3557,"['active_energy', 'workout_duration', 'distance']"
3558,"['workout_duration', 'exercise_time', 'active_energy']"
3559,"['workout_duration', 'active_energy', 'exercise_time']"
3560,"['workout_duration', 'active_energy', 'distance']"
3561,"['workout_duration', 'active_energy', 'sleep_duration']"
3562,"['workout_duration', 'avg_hr', 'steps']"
3563,"['workout_duration', 'active_energy', 'avg_hr']"
3564,"['workout_duration', 'active_energy', 'steps']"
3565,"['active_energy', 'distance', 'avg_hr']"
3566,"['workout_duration', 'active_energy', 'sleep_duration']"
3567,"['workout_duration', 'avg_hr', 'resting_hr']"
3568,"['workout_duration', 'exercise_time', 'active_energy']"
3569,"['workout_duration', 'avg_hr', 'exercise_time']"
3570,"['workout_duration', 'resting_hr', 'active_energy']"
3571,"['workout_duration', 'avg_hr', 'active_energy']"
3572,"['active_energy', 'workout_duration', 'exercise_time']"
3573,"['workout_duration', 'exercise_time', 'active_energy']"
3574,"['workout_duration', 'active_energy', 'exercise_time']"
3575,"['workout_duration', 'avg_hr', 'active_energy']"
3576,"['active_energy', 'avg_hr', 'distance']"
3577,"['workout_duration', 'active_energy', 'sleep_duration']"
3578,"['workout_duration', 'active_energy', 'avg_hr']"
3579,"['workout_duration', 'active_energy', 'avg_hr']"
3580,"['active_energy', 'avg_hr', 'workout_duration']"
3581,"['active_energy', 'avg_hr', 'steps']"
3582,"['avg_hr', 'workout_duration', 'sleep_duration']"
3583,"['active_energy', 'workout_duration', 'resting_hr']"
3584,"['avg_hr', 'workout_duration', 'active_energy']"
3585,"['active_energy', 'workout_duration', 'avg_hr']"
3586,"['workout_duration', 'distance', 'sleep_duration']"
3587,"['workout_duration', 'resting_hr', 'avg_hr']"
3588,"['workout_duration', 'distance', 'avg_hr']"
3589,"['workout_duration', 'exercise_time', 'steps']"
3590,"['workout_duration', 'avg_hr', 'active_energy']"
3591,"['workout_duration', 'exercise_time', 'avg_hr']"
3592,"['active_energy', 'avg_hr', 'resting_hr']"
3593,"['workout_duration', 'active_energy', 'avg_hr']"
3594,"['workout_duration', 'avg_hr', 'active_energy']"
3595,"['workout_duration', 'active_energy', 'distance']"
3596,"['active_energy', 'workout_duration', 'avg_hr']"
3597,"['workout_duration', 'active_energy', 'avg_hr']"
3598,"['workout_duration', 'active_energy', 'sleep_duration']"
3599,"['workout_duration', 'exercise_time', 'active_energy']"
3600,"['workout_duration', 'resting_hr', 'distance']"
3601,"['workout_duration', 'active_energy', 'exercise_time']"
3602,"['active_energy', 'workout_duration', 'avg_hr']"
3603,"['active_energy', 'steps', 'workout_duration']"
3604,"['active_energy', 'workout_duration', 'avg_hr']"
3605,"['active_energy', 'workout_duration', 'resting_hr']"
3606,"['active_energy', 'workout_duration', 'steps']"
3607,"['active_energy', 'workout_duration', 'exercise_time']"
3608,"['active_energy', 'workout_duration', 'avg_hr']"
3609,"['workout_duration', 'steps', 'avg_hr']"
3610,"['active_energy', 'workout_duration', 'avg_hr']"
3611,"['active_energy', 'avg_hr', 'workout_duration']"
3612,"['workout_duration', 'active_energy', 'resting_hr']"
3613,"['workout_duration', 'active_energy', 'avg_hr']"
3614,"['workout_duration', 'active_energy', 'avg_hr']"
3615,"['workout_duration', 'active_energy', 'exercise_time']"
3616,"['active_energy', 'avg_hr', 'resting_hr']"
3617,"['workout_duration', 'active_energy', 'sleep_duration']"
3618,"['active_energy', 'workout_duration', 'exercise_time']"
3619,"['workout_duration', 'avg_hr', 'active_energy']"
3620,"['workout_duration', 'avg_hr', 'steps']"
3621,"['workout_duration', 'active_energy', 'distance']"
3622,"['workout_duration', 'distance', 'avg_hr']"
3623,"['workout_duration', 'active_energy', 'exercise_time']"
3624,"['workout_duration', 'active_energy', 'sleep_duration']"
3625,"['avg_hr', 'workout_duration', 'distance']"
3626,"['workout_duration', 'sleep_duration', 'active_energy']"
3627,"['active_energy', 'workout_duration', 'sleep_duration']"
3628,"['active_energy', 'workout_duration', 'sleep_duration']"
3629,"['workout_duration', 'avg_hr', 'active_energy']"
3630,"['workout_duration', 'active_energy', 'sleep_duration']"
3631,"['active_energy', 'workout_duration', 'avg_hr']"
3632,"['workout_duration', 'active_energy', 'distance']"
3633,"['workout_duration', 'active_energy', 'steps']"
3634,"['active_energy', 'avg_hr', 'workout_duration']"
3635,"['active_energy', 'workout_duration', 'steps']"
3636,"['workout_duration', 'active_energy', 'steps']"
3637,"['workout_duration', 'avg_hr', 'active_energy']"
3638,"['workout_duration', 'active_energy', 'steps']"
3639,"['workout_duration', 'steps', 'distance']"
3640,"['workout_duration', 'exercise_time', 'active_energy']"
3641,"['active_energy', 'avg_hr', 'steps']"
3642,"['workout_duration', 'active_energy', 'exercise_time']"
3643,"['active_energy', 'workout_duration', 'exercise_time']"
3644,"['active_energy', 'sleep_duration', 'steps']"
3645,"['active_energy', 'workout_duration', 'sleep_duration']"
3646,"['workout_duration', 'steps', 'active_energy']"
3647,"['active_energy', 'workout_duration', 'steps']"
3648,"['active_energy', 'workout_duration', 'exercise_time']"
3649,"['workout_duration', 'active_energy', 'avg_hr']"
3650,"['workout_duration', 'active_energy', 'avg_hr']"
3651,"['active_energy', 'avg_hr', 'workout_duration']"
3652,"['workout_duration', 'active_energy', 'distance']"
3653,"['active_energy', 'workout_duration', 'exercise_time']"
3654,"['workout_duration', 'active_energy', 'steps']"
3655,"['active_energy', 'workout_duration', 'avg_hr']"
3656,"['workout_duration', 'active_energy', 'steps']"
3657,"['workout_duration', 'exercise_time', 'active_energy']"
3658,"['workout_duration', 'avg_hr', 'active_energy']"
3659,"['avg_hr', 'workout_duration', 'distance']"
3660,"['workout_duration', 'active_energy', 'avg_hr']"
3661,"['workout_duration', 'resting_hr', 'distance']"
3662,"['avg_hr', 'workout_duration', 'active_energy']"
3663,"['active_energy', 'workout_duration', 'avg_hr']"
3664,"['active_energy', 'workout_duration', 'resting_hr']"
3665,"['workout_duration', 'active_energy', 'avg_hr']"
3666,"['workout_duration', 'active_energy', 'resting_hr']"
3667,"['active_energy', 'exercise_time', 'workout_duration']"
3668,"['workout_duration', 'active_energy', 'resting_hr']"
3669,"['workout_duration', 'exercise_time', 'avg_hr']"
3670,"['workout_duration', 'avg_hr', 'active_energy']"
3671,"['workout_duration', 'active_energy', 'sleep_duration']"
3672,"['workout_duration', 'sleep_duration', 'avg_hr']"
3673,"['active_energy', 'workout_duration', 'steps']"
3674,"['workout_duration', 'steps', 'active_energy']"
3675,"['workout_duration', 'avg_hr', 'active_energy']"
3676,"['active_energy', 'workout_duration', 'sleep_duration']"
3677,"['active_energy', 'workout_duration', 'resting_hr']"
3678,"['workout_duration', 'active_energy', 'sleep_duration']"
3679,"['workout_duration', 'active_energy', 'distance']"
3680,"['avg_hr', 'workout_duration', 'distance']"
3681,"['workout_duration', 'active_energy', 'resting_hr']"
3682,"['avg_hr', 'workout_duration', 'active_energy']"
3683,"['workout_duration', 'avg_hr', 'active_energy']"
3684,"['workout_duration', 'avg_hr', 'resting_hr']"
3685,"['workout_duration', 'active_energy', 'exercise_time']"
3686,"['active_energy', 'workout_duration', 'sleep_duration']"
3687,"['workout_duration', 'active_energy', 'resting_hr']"
3688,"['active_energy', 'workout_duration', 'avg_hr']"
3689,"['workout_duration', 'avg_hr', 'active_energy']"
3690,"['workout_duration', 'active_energy', 'avg_hr']"
3691,"['workout_duration', 'active_energy', 'steps']"
3692,"['workout_duration', 'exercise_time', 'active_energy']"
3693,"['active_energy', 'workout_duration', 'avg_hr']"
3694,"['workout_duration', 'avg_hr', 'active_energy']"
3695,"['workout_duration', 'avg_hr', 'active_energy']"
3696,"['workout_duration', 'active_energy', 'avg_hr']"
3697,"['workout_duration', 'active_energy', 'sleep_duration']"
3698,"['active_energy', 'exercise_time', 'workout_duration']"
3699,"['workout_duration', 'active_energy', 'exercise_time']"
3700,"['workout_duration', 'active_energy', 'sleep_duration']"
3701,"['active_energy', 'avg_hr', 'workout_duration']"
3702,"['avg_hr', 'workout_duration', 'active_energy']"
3703,"['workout_duration', 'active_energy', 'distance']"
3704,"['workout_duration', 'distance', 'active_energy']"
3705,"['workout_duration', 'active_energy', 'distance']"
3706,"['workout_duration', 'avg_hr', 'active_energy']"
3707,"['avg_hr', 'distance', 'workout_duration']"
3708,"['workout_duration', 'active_energy', 'sleep_duration']"
3709,"['active_energy', 'resting_hr', 'workout_duration']"
3710,"['active_energy', 'steps', 'workout_duration']"
3711,"['workout_duration', 'active_energy', 'avg_hr']"
3712,"['workout_duration', 'active_energy', 'sleep_duration']"
3713,"['workout_duration', 'avg_hr', 'active_energy']"
3714,"['workout_duration', 'active_energy', 'avg_hr']"
3715,"['workout_duration', 'active_energy', 'steps']"
3716,"['avg_hr', 'workout_duration', 'sleep_duration']"
3717,"['active_energy', 'workout_duration', 'exercise_time']"
3718,"['distance', 'avg_hr', 'active_energy']"
3719,"['workout_duration', 'active_energy', 'resting_hr']"
3720,"['workout_duration', 'steps', 'active_energy']"
3721,"['active_energy', 'workout_duration', 'steps']"
3722,"['workout_duration', 'active_energy', 'steps']"
3723,"['workout_duration', 'avg_hr', 'active_energy']"
3724,"['workout_duration', 'active_energy', 'steps']"
3725,"['workout_duration', 'sleep_duration', 'active_energy']"
3726,"['active_energy', 'workout_duration', 'avg_hr']"
3727,"['avg_hr', 'workout_duration', 'active_energy']"
3728,"['workout_duration', 'active_energy', 'avg_hr']"
3729,"['workout_duration', 'active_energy', 'steps']"
3730,"['workout_duration', 'distance', 'active_energy']"
3731,"['workout_duration', 'active_energy', 'sleep_duration']"
3732,"['workout_duration', 'active_energy', 'sleep_duration']"
3733,"['active_energy', 'workout_duration', 'distance']"
3734,"['workout_duration', 'active_energy', 'avg_hr']"
3735,"['workout_duration', 'avg_hr', 'active_energy']"
3736,"['workout_duration', 'exercise_time', 'active_energy']"
3737,"['avg_hr', 'workout_duration', 'resting_hr']"
3738,"['active_energy', 'workout_duration', 'exercise_time']"
3739,"['active_energy', 'workout_duration', 'distance']"
3740,"['workout_duration', 'active_energy', 'sleep_duration']"
3741,"['workout_duration', 'distance', 'active_energy']"
3742,"['active_energy', 'workout_duration', 'steps']"
3743,"['workout_duration', 'active_energy', 'sleep_duration']"
3744,"['workout_duration', 'active_energy', 'exercise_time']"
3745,"['workout_duration', 'active_energy', 'avg_hr']"
3746,"['workout_duration', 'sleep_duration', 'active_energy']"
3747,"['workout_duration', 'active_energy', 'sleep_duration']"
3748,"['active_energy', 'workout_duration', 'resting_hr']"
3749,"['workout_duration', 'active_energy', 'resting_hr']"
3750,"['workout_duration', 'sleep_duration', 'avg_hr']"
3751,"['workout_duration', 'active_energy', 'avg_hr']"
3752,"['workout_duration', 'distance', 'active_energy']"
3753,"['active_energy', 'workout_duration', 'exercise_time']"
3754,"['active_energy', 'workout_duration', 'avg_hr']"
3755,"['active_energy', 'sleep_duration', 'avg_hr']"
3756,"['workout_duration', 'exercise_time', 'avg_hr']"
3757,"['workout_duration', 'active_energy', 'steps']"
3758,"['active_energy', 'workout_duration', 'avg_hr']"
3759,"['active_energy', 'workout_duration', 'avg_hr']"
3760,"['workout_duration', 'active_energy', 'sleep_duration']"
3761,"['workout_duration', 'sleep_duration', 'exercise_time']"
3762,"['workout_duration', 'active_energy', 'avg_hr']"
3763,"['workout_duration', 'active_energy', 'avg_hr']"
3764,"['workout_duration', 'active_energy', 'exercise_time']"
3765,"['workout_duration', 'avg_hr', 'steps']"
3766,"['workout_duration', 'active_energy', 'avg_hr']"
3767,"['avg_hr', 'workout_duration', 'active_energy']"
3768,"['active_energy', 'workout_duration', 'avg_hr']"
3769,"['active_energy', 'avg_hr', 'sleep_duration']"
3770,"['workout_duration', 'sleep_duration', 'avg_hr']"
3771,"['workout_duration', 'active_energy', 'distance']"
3772,"['active_energy', 'workout_duration', 'sleep_duration']"
3773,"['avg_hr', 'workout_duration', 'active_energy']"
3774,"['workout_duration', 'active_energy', 'avg_hr']"
3775,"['workout_duration', 'active_energy', 'distance']"
3776,"['active_energy', 'workout_duration', 'exercise_time']"
3777,"['active_energy', 'workout_duration', 'exercise_time']"
3778,"['active_energy', 'resting_hr', 'workout_duration']"
3779,"['active_energy', 'workout_duration', 'steps']"
3780,"['workout_duration', 'avg_hr', 'active_energy']"
3781,"['active_energy', 'resting_hr', 'workout_duration']"
3782,"['workout_duration', 'avg_hr', 'active_energy']"
3783,"['active_energy', 'sleep_duration', 'workout_duration']"
3784,"['workout_duration', 'active_energy', 'avg_hr']"
3785,"['workout_duration', 'active_energy', 'exercise_time']"
3786,"['workout_duration', 'active_energy', 'sleep_duration']"
3787,"['active_energy', 'workout_duration', 'avg_hr']"
3788,"['workout_duration', 'active_energy', 'distance']"
3789,"['workout_duration', 'active_energy', 'avg_hr']"
3790,"['active_energy', 'workout_duration', 'avg_hr']"
3791,"['workout_duration', 'active_energy', 'steps']"
3792,"['workout_duration', 'avg_hr', 'resting_hr']"
3793,"['workout_duration', 'sleep_duration', 'exercise_time']"
3794,"['workout_duration', 'active_energy', 'sleep_duration']"
3795,"['active_energy', 'workout_duration', 'exercise_time']"
3796,"['workout_duration', 'active_energy', 'resting_hr']"
3797,"['workout_duration', 'active_energy', 'avg_hr']"
3798,"['active_energy', 'workout_duration', 'resting_hr']"
3799,"['active_energy', 'workout_duration', 'avg_hr']"
3800,"['avg_hr', 'distance', 'workout_duration']"
3801,"['avg_hr', 'sleep_duration', 'workout_duration']"
3802,"['steps', 'workout_duration', 'avg_hr']"
3803,"['workout_duration', 'active_energy', 'distance']"
3804,"['active_energy', 'workout_duration', 'avg_hr']"
3805,"['workout_duration', 'active_energy', 'steps']"
3806,"['avg_hr', 'workout_duration', 'active_energy']"
3807,"['workout_duration', 'avg_hr', 'active_energy']"
3808,"['active_energy', 'workout_duration', 'distance']"
3809,"['active_energy', 'workout_duration', 'resting_hr']"
3810,"['workout_duration', 'avg_hr', 'active_energy']"
3811,"['workout_duration', 'active_energy', 'exercise_time']"
3812,"['workout_duration', 'active_energy', 'avg_hr']"
3813,"['workout_duration', 'active_energy', 'sleep_duration']"
3814,"['active_energy', 'avg_hr', 'workout_duration']"
3815,"['workout_duration', 'resting_hr', 'active_energy']"
3816,"['avg_hr', 'active_energy', 'exercise_time']"
3817,"['workout_duration', 'active_energy', 'exercise_time']"
3818,"['avg_hr', 'active_energy', 'workout_duration']"
3819,"['workout_duration', 'distance', 'steps']"
3820,"['workout_duration', 'active_energy', 'exercise_time']"
3821,"['workout_duration', 'active_energy', 'distance']"
3822,"['workout_duration', 'active_energy', 'distance']"
3823,"['active_energy', 'workout_duration', 'avg_hr']"
3824,"['active_energy', 'workout_duration', 'steps']"
3825,"['active_energy', 'steps', 'workout_duration']"
3826,"['workout_duration', 'active_energy', 'exercise_time']"
3827,"['workout_duration', 'active_energy', 'avg_hr']"
3828,"['avg_hr', 'active_energy', 'workout_duration']"
3829,"['active_energy', 'workout_duration', 'exercise_time']"
3830,"['workout_duration', 'active_energy', 'avg_hr']"
3831,"['workout_duration', 'active_energy', 'exercise_time']"
3832,"['workout_duration', 'active_energy', 'avg_hr']"
3833,"['steps', 'workout_duration', 'active_energy']"
3834,"['workout_duration', 'exercise_time', 'active_energy']"
3835,"['workout_duration', 'active_energy', 'sleep_duration']"
3836,"['workout_duration', 'avg_hr', 'exercise_time']"
3837,"['workout_duration', 'active_energy', 'steps']"
3838,"['active_energy', 'avg_hr', 'workout_duration']"
3839,"['workout_duration', 'active_energy', 'avg_hr']"
3840,"['active_energy', 'workout_duration', 'distance']"
3841,"['active_energy', 'workout_duration', 'avg_hr']"
3842,"['active_energy', 'workout_duration', 'distance']"
3843,"['active_energy', 'avg_hr', 'workout_duration']"
3844,"['active_energy', 'workout_duration', 'steps']"
3845,"['avg_hr', 'active_energy', 'workout_duration']"
3846,"['workout_duration', 'active_energy', 'resting_hr']"
3847,"['workout_duration', 'avg_hr', 'sleep_duration']"
3848,"['workout_duration', 'avg_hr', 'active_energy']"
3849,"['workout_duration', 'avg_hr', 'distance']"
3850,"['workout_duration', 'distance', 'exercise_time']"
3851,"['workout_duration', 'steps', 'active_energy']"
3852,"['workout_duration', 'exercise_time', 'active_energy']"
3853,"['workout_duration', 'exercise_time', 'active_energy']"
3854,"['workout_duration', 'active_energy', 'resting_hr']"
3855,"['workout_duration', 'exercise_time', 'distance']"
3856,"['distance', 'active_energy', 'workout_duration']"
3857,"['active_energy', 'workout_duration', 'distance']"
3858,"['active_energy', 'workout_duration', 'avg_hr']"
3859,"['workout_duration', 'avg_hr', 'active_energy']"
3860,"['workout_duration', 'active_energy', 'avg_hr']"
3861,"['workout_duration', 'avg_hr', 'active_energy']"
3862,"['active_energy', 'workout_duration', 'resting_hr']"
3863,"['avg_hr', 'workout_duration', 'distance']"
3864,"['workout_duration', 'active_energy', 'steps']"
3865,"['workout_duration', 'steps', 'active_energy']"
3866,"['workout_duration', 'active_energy', 'exercise_time']"
3867,"['active_energy', 'workout_duration', 'avg_hr']"
3868,"['workout_duration', 'avg_hr', 'active_energy']"
3869,"['workout_duration', 'active_energy', 'steps']"
3870,"['workout_duration', 'exercise_time', 'steps']"
3871,"['workout_duration', 'avg_hr', 'sleep_duration']"
3872,"['workout_duration', 'active_energy', 'sleep_duration']"
3873,"['workout_duration', 'active_energy', 'steps']"
3874,"['active_energy', 'workout_duration', 'distance']"
3875,"['workout_duration', 'active_energy', 'exercise_time']"
3876,"['workout_duration', 'active_energy', 'avg_hr']"
3877,"['workout_duration', 'active_energy', 'steps']"
3878,"['workout_duration', 'exercise_time', 'avg_hr']"
3879,"['workout_duration', 'active_energy', 'sleep_duration']"
3880,"['active_energy', 'workout_duration', 'avg_hr']"
3881,"['avg_hr', 'resting_hr', 'active_energy']"
3882,"['workout_duration', 'avg_hr', 'exercise_time']"
3883,"['workout_duration', 'active_energy', 'steps']"
3884,"['workout_duration', 'resting_hr', 'active_energy']"
3885,"['active_energy', 'workout_duration', 'resting_hr']"
3886,"['active_energy', 'workout_duration', 'avg_hr']"
3887,"['workout_duration', 'active_energy', 'resting_hr']"
3888,"['active_energy', 'workout_duration', 'avg_hr']"
3889,"['workout_duration', 'avg_hr', 'active_energy']"
3890,"['workout_duration', 'active_energy', 'exercise_time']"
3891,"['active_energy', 'workout_duration', 'avg_hr']"
3892,"['active_energy', 'workout_duration', 'avg_hr']"
3893,"['workout_duration', 'distance', 'active_energy']"
3894,"['active_energy', 'distance', 'avg_hr']"
3895,"['workout_duration', 'avg_hr', 'sleep_duration']"
3896,"['workout_duration', 'active_energy', 'resting_hr']"
3897,"['workout_duration', 'avg_hr', 'active_energy']"
3898,"['workout_duration', 'active_energy', 'distance']"
3899,"['workout_duration', 'active_energy', 'distance']"
3900,"['active_energy', 'workout_duration', 'avg_hr']"
3901,"['workout_duration', 'active_energy', 'resting_hr']"
3902,"['workout_duration', 'avg_hr', 'resting_hr']"
3903,"['workout_duration', 'active_energy', 'avg_hr']"
3904,"['workout_duration', 'avg_hr', 'active_energy']"
3905,"['workout_duration', 'active_energy', 'distance']"
3906,"['active_energy', 'workout_duration', 'steps']"
3907,"['workout_duration', 'exercise_time', 'avg_hr']"
3908,"['workout_duration', 'sleep_duration', 'steps']"
3909,"['workout_duration', 'active_energy', 'exercise_time']"
3910,"['active_energy', 'exercise_time', 'workout_duration']"
3911,"['workout_duration', 'active_energy', 'resting_hr']"
3912,"['workout_duration', 'active_energy', 'avg_hr']"
3913,"['workout_duration', 'avg_hr', 'distance']"
3914,"['workout_duration', 'active_energy', 'exercise_time']"
3915,"['active_energy', 'avg_hr', 'sleep_duration']"
3916,"['workout_duration', 'active_energy', 'avg_hr']"
3917,"['workout_duration', 'active_energy', 'sleep_duration']"
3918,"['workout_duration', 'active_energy', 'avg_hr']"
3919,"['active_energy', 'workout_duration', 'sleep_duration']"
3920,"['workout_duration', 'avg_hr', 'active_energy']"
3921,"['workout_duration', 'active_energy', 'exercise_time']"
3922,"['workout_duration', 'active_energy', 'avg_hr']"
3923,"['workout_duration', 'distance', 'steps']"
3924,"['workout_duration', 'avg_hr', 'resting_hr']"
3925,"['workout_duration', 'active_energy', 'avg_hr']"
3926,"['workout_duration', 'resting_hr', 'avg_hr']"
3927,"['workout_duration', 'active_energy', 'avg_hr']"
3928,"['sleep_duration', 'workout_duration', 'active_energy']"
3929,"['active_energy', 'workout_duration', 'distance']"
3930,"['workout_duration', 'exercise_time', 'avg_hr']"
3931,"['workout_duration', 'avg_hr', 'steps']"
3932,"['workout_duration', 'active_energy', 'avg_hr']"
3933,"['active_energy', 'resting_hr', 'workout_duration']"
3934,"['active_energy', 'workout_duration', 'sleep_duration']"
3935,"['active_energy', 'workout_duration', 'avg_hr']"
3936,"['workout_duration', 'active_energy', 'steps']"
3937,"['workout_duration', 'active_energy', 'distance']"
3938,"['workout_duration', 'distance', 'active_energy']"
3939,"['workout_duration', 'avg_hr', 'active_energy']"
3940,"['workout_duration', 'steps', 'active_energy']"
3941,"['active_energy', 'workout_duration', 'resting_hr']"
3942,"['workout_duration', 'active_energy', 'steps']"
3943,"['active_energy', 'workout_duration', 'steps']"
3944,"['workout_duration', 'avg_hr', 'steps']"
3945,"['workout_duration', 'active_energy', 'avg_hr']"
3946,"['workout_duration', 'active_energy', 'sleep_duration']"
3947,"['workout_duration', 'active_energy', 'exercise_time']"
3948,"['workout_duration', 'active_energy', 'avg_hr']"
3949,"['active_energy', 'workout_duration', 'sleep_duration']"
3950,"['active_energy', 'workout_duration', 'resting_hr']"
3951,"['workout_duration', 'active_energy', 'resting_hr']"
3952,"['workout_duration', 'active_energy', 'steps']"
3953,"['workout_duration', 'active_energy', 'sleep_duration']"
3954,"['workout_duration', 'exercise_time', 'sleep_duration']"
3955,"['workout_duration', 'avg_hr', 'active_energy']"
3956,"['workout_duration', 'resting_hr', 'avg_hr']"
3957,"['active_energy', 'workout_duration', 'steps']"
3958,"['workout_duration', 'active_energy', 'steps']"
3959,"['workout_duration', 'active_energy', 'sleep_duration']"
3960,"['workout_duration', 'active_energy', 'resting_hr']"
3961,"['exercise_time', 'active_energy', 'workout_duration']"
3962,"['active_energy', 'workout_duration', 'distance']"
3963,"['workout_duration', 'sleep_duration', 'active_energy']"
3964,"['workout_duration', 'active_energy', 'resting_hr']"
3965,"['active_energy', 'workout_duration', 'avg_hr']"
3966,"['workout_duration', 'steps', 'avg_hr']"
3967,"['workout_duration', 'active_energy', 'distance']"
3968,"['workout_duration', 'exercise_time', 'sleep_duration']"
3969,"['avg_hr', 'active_energy', 'resting_hr']"
3970,"['workout_duration', 'active_energy', 'sleep_duration']"
3971,"['workout_duration', 'active_energy', 'avg_hr']"
3972,"['workout_duration', 'active_energy', 'distance']"
3973,"['workout_duration', 'active_energy', 'distance']"
3974,"['workout_duration', 'distance', 'avg_hr']"
3975,"['workout_duration', 'avg_hr', 'active_energy']"
3976,"['avg_hr', 'active_energy', 'workout_duration']"
3977,"['active_energy', 'workout_duration', 'resting_hr']"
3978,"['workout_duration', 'active_energy', 'steps']"
3979,"['workout_duration', 'avg_hr', 'resting_hr']"
3980,"['workout_duration', 'active_energy', 'exercise_time']"
3981,"['workout_duration', 'avg_hr', 'active_energy']"
3982,"['workout_duration', 'active_energy', 'distance']"
3983,"['workout_duration', 'active_energy', 'avg_hr']"
3984,"['workout_duration', 'active_energy', 'avg_hr']"
3985,"['workout_duration', 'avg_hr', 'active_energy']"
3986,"['workout_duration', 'active_energy', 'sleep_duration']"
3987,"['workout_duration', 'active_energy', 'avg_hr']"
3988,"['workout_duration', 'active_energy', 'avg_hr']"
3989,"['active_energy', 'workout_duration', 'avg_hr']"
3990,"['avg_hr', 'active_energy', 'workout_duration']"
3991,"['workout_duration', 'avg_hr', 'active_energy']"
3992,"['workout_duration', 'distance', 'active_energy']"
3993,"['avg_hr', 'workout_duration', 'distance']"
3994,"['active_energy', 'avg_hr', 'workout_duration']"
3995,"['active_energy', 'workout_duration', 'avg_hr']"
3996,"['active_energy', 'workout_duration', 'avg_hr']"
3997,"['active_energy', 'workout_duration', 'sleep_duration']"
3998,"['workout_duration', 'active_energy', 'exercise_time']"
3999,"['active_energy', 'workout_duration', 'resting_hr']"
4000,"['workout_duration', 'steps', 'avg_hr']"
4001,"['workout_duration', 'sleep_duration', 'distance']"
4002,"['workout_duration', 'active_energy', 'avg_hr']"
4003,"['active_energy', 'workout_duration', 'avg_hr']"
4004,"['workout_duration', 'active_energy', 'avg_hr']"
4005,"['workout_duration', 'sleep_duration', 'distance']"
4006,"['workout_duration', 'active_energy', 'resting_hr']"
4007,"['active_energy', 'sleep_duration', 'avg_hr']"
4008,"['workout_duration', 'distance', 'exercise_time']"
4009,"['active_energy', 'workout_duration', 'resting_hr']"
4010,"['active_energy', 'workout_duration', 'avg_hr']"
4011,"['workout_duration', 'active_energy', 'avg_hr']"
4012,"['active_energy', 'workout_duration', 'avg_hr']"
4013,"['workout_duration', 'active_energy', 'sleep_duration']"
4014,"['avg_hr', 'steps', 'distance']"
4015,"['workout_duration', 'active_energy', 'sleep_duration']"
4016,"['workout_duration', 'distance', 'active_energy']"
4017,"['workout_duration', 'active_energy', 'sleep_duration']"
4018,"['workout_duration', 'active_energy', 'steps']"
4019,"['avg_hr', 'sleep_duration', 'active_energy']"
4020,"['workout_duration', 'active_energy', 'sleep_duration']"
4021,"['workout_duration', 'active_energy', 'avg_hr']"
4022,"['workout_duration', 'resting_hr', 'avg_hr']"
4023,"['workout_duration', 'active_energy', 'avg_hr']"
4024,"['workout_duration', 'active_energy', 'avg_hr']"
4025,"['workout_duration', 'avg_hr', 'active_energy']"
4026,"['workout_duration', 'active_energy', 'exercise_time']"
4027,"['workout_duration', 'avg_hr', 'sleep_duration']"
4028,"['active_energy', 'workout_duration', 'steps']"
4029,"['steps', 'avg_hr', 'workout_duration']"
4030,"['workout_duration', 'avg_hr', 'distance']"
4031,"['active_energy', 'workout_duration', 'distance']"
4032,"['workout_duration', 'avg_hr', 'active_energy']"
4033,"['workout_duration', 'avg_hr', 'active_energy']"
4034,"['workout_duration', 'exercise_time', 'avg_hr']"
4035,"['workout_duration', 'active_energy', 'resting_hr']"
4036,"['workout_duration', 'active_energy', 'distance']"
4037,"['workout_duration', 'resting_hr', 'avg_hr']"
4038,"['active_energy', 'avg_hr', 'distance']"
4039,"['workout_duration', 'distance', 'sleep_duration']"
4040,"['workout_duration', 'avg_hr', 'active_energy']"
4041,"['distance', 'workout_duration', 'avg_hr']"
4042,"['workout_duration', 'distance', 'steps']"
4043,"['distance', 'workout_duration', 'exercise_time']"
4044,"['active_energy', 'workout_duration', 'sleep_duration']"
4045,"['workout_duration', 'active_energy', 'avg_hr']"
4046,"['workout_duration', 'active_energy', 'distance']"
4047,"['avg_hr', 'workout_duration', 'active_energy']"
4048,"['workout_duration', 'active_energy', 'exercise_time']"
4049,"['active_energy', 'workout_duration', 'steps']"
4050,"['active_energy', 'workout_duration', 'exercise_time']"
4051,"['workout_duration', 'avg_hr', 'sleep_duration']"
4052,"['workout_duration', 'sleep_duration', 'active_energy']"
4053,"['active_energy', 'workout_duration', 'resting_hr']"
4054,"['workout_duration', 'active_energy', 'resting_hr']"
4055,"['sleep_duration', 'workout_duration', 'active_energy']"
4056,"['workout_duration', 'active_energy', 'exercise_time']"
4057,"['workout_duration', 'active_energy', 'sleep_duration']"
4058,"['active_energy', 'workout_duration', 'steps']"
4059,"['workout_duration', 'active_energy', 'exercise_time']"
4060,"['active_energy', 'workout_duration', 'avg_hr']"
4061,"['workout_duration', 'active_energy', 'avg_hr']"
4062,"['workout_duration', 'avg_hr', 'distance']"
4063,"['workout_duration', 'resting_hr', 'sleep_duration']"
4064,"['sleep_duration', 'active_energy', 'workout_duration']"
4065,"['workout_duration', 'active_energy', 'sleep_duration']"
4066,"['workout_duration', 'active_energy', 'sleep_duration']"
4067,"['workout_duration', 'avg_hr', 'active_energy']"
4068,"['active_energy', 'workout_duration', 'avg_hr']"
4069,"['workout_duration', 'active_energy', 'distance']"
4070,"['workout_duration', 'avg_hr', 'active_energy']"
4071,"['active_energy', 'workout_duration', 'distance']"
4072,"['active_energy', 'avg_hr', 'workout_duration']"
4073,"['workout_duration', 'avg_hr', 'sleep_duration']"
4074,"['avg_hr', 'workout_duration', 'active_energy']"
4075,"['active_energy', 'workout_duration', 'sleep_duration']"
4076,"['workout_duration', 'active_energy', 'sleep_duration']"
4077,"['workout_duration', 'active_energy', 'avg_hr']"
4078,"['workout_duration', 'avg_hr', 'active_energy']"
4079,"['workout_duration', 'active_energy', 'exercise_time']"
4080,"['workout_duration', 'active_energy', 'resting_hr']"
4081,"['active_energy', 'workout_duration', 'avg_hr']"
4082,"['workout_duration', 'sleep_duration', 'active_energy']"
4083,"['workout_duration', 'active_energy', 'exercise_time']"
4084,"['active_energy', 'sleep_duration', 'workout_duration']"
4085,"['workout_duration', 'steps', 'active_energy']"
4086,"['workout_duration', 'active_energy', 'exercise_time']"
4087,"['active_energy', 'workout_duration', 'avg_hr']"
4088,"['workout_duration', 'active_energy', 'avg_hr']"
4089,"['workout_duration', 'active_energy', 'distance']"
4090,"['workout_duration', 'avg_hr', 'active_energy']"
4091,"['avg_hr', 'workout_duration', 'active_energy']"
4092,"['active_energy', 'workout_duration', 'avg_hr']"
4093,"['active_energy', 'workout_duration', 'avg_hr']"
4094,"['avg_hr', 'workout_duration', 'active_energy']"
4095,"['active_energy', 'workout_duration', 'distance']"
4096,"['active_energy', 'avg_hr', 'sleep_duration']"
4097,"['active_energy', 'workout_duration', 'sleep_duration']"
4098,"['workout_duration', 'avg_hr', 'active_energy']"
4099,"['workout_duration', 'distance', 'avg_hr']"
4100,"['workout_duration', 'active_energy', 'avg_hr']"
4101,"['workout_duration', 'active_energy', 'resting_hr']"
4102,"['workout_duration', 'active_energy', 'sleep_duration']"
4103,"['workout_duration', 'active_energy', 'resting_hr']"
4104,"['active_energy', 'exercise_time', 'workout_duration']"
4105,"['workout_duration', 'avg_hr', 'active_energy']"
4106,"['workout_duration', 'active_energy', 'avg_hr']"
4107,"['active_energy', 'avg_hr', 'resting_hr']"
4108,"['workout_duration', 'active_energy', 'exercise_time']"
4109,"['workout_duration', 'active_energy', 'distance']"
4110,"['workout_duration', 'active_energy', 'resting_hr']"
4111,"['workout_duration', 'active_energy', 'distance']"
4112,"['active_energy', 'exercise_time', 'avg_hr']"
4113,"['workout_duration', 'active_energy', 'avg_hr']"
4114,"['active_energy', 'workout_duration', 'avg_hr']"
4115,"['workout_duration', 'active_energy', 'avg_hr']"
4116,"['active_energy', 'workout_duration', 'avg_hr']"
4117,"['workout_duration', 'avg_hr', 'active_energy']"
4118,"['workout_duration', 'active_energy', 'steps']"
4119,"['active_energy', 'workout_duration', 'avg_hr']"
4120,"['workout_duration', 'active_energy', 'steps']"
4121,"['workout_duration', 'avg_hr', 'sleep_duration']"
4122,"['workout_duration', 'active_energy', 'avg_hr']"
4123,"['workout_duration', 'distance', 'avg_hr']"
4124,"['workout_duration', 'avg_hr', 'resting_hr']"
4125,"['workout_duration', 'active_energy', 'avg_hr']"
4126,"['workout_duration', 'active_energy', 'exercise_time']"
4127,"['workout_duration', 'avg_hr', 'distance']"
4128,"['workout_duration', 'active_energy', 'resting_hr']"
4129,"['avg_hr', 'workout_duration', 'active_energy']"
4130,"['workout_duration', 'active_energy', 'exercise_time']"
4131,"['active_energy', 'workout_duration', 'distance']"
4132,"['avg_hr', 'workout_duration', 'active_energy']"
4133,"['workout_duration', 'avg_hr', 'active_energy']"
4134,"['active_energy', 'workout_duration', 'steps']"
4135,"['workout_duration', 'distance', 'avg_hr']"
4136,"['active_energy', 'steps', 'avg_hr']"
4137,"['active_energy', 'workout_duration', 'resting_hr']"
4138,"['active_energy', 'workout_duration', 'sleep_duration']"
4139,"['avg_hr', 'workout_duration', 'active_energy']"
4140,"['avg_hr', 'active_energy', 'workout_duration']"
4141,"['workout_duration', 'active_energy', 'exercise_time']"
4142,"['workout_duration', 'distance', 'active_energy']"
4143,"['avg_hr', 'workout_duration', 'active_energy']"
4144,"['workout_duration', 'active_energy', 'exercise_time']"
4145,"['workout_duration', 'active_energy', 'avg_hr']"
4146,"['workout_duration', 'active_energy', 'resting_hr']"
4147,"['workout_duration', 'distance', 'resting_hr']"
4148,"['active_energy', 'workout_duration', 'avg_hr']"
4149,"['workout_duration', 'steps', 'avg_hr']"
4150,"['active_energy', 'sleep_duration', 'resting_hr']"
4151,"['active_energy', 'steps', 'workout_duration']"
4152,"['active_energy', 'workout_duration', 'resting_hr']"
4153,"['workout_duration', 'active_energy', 'steps']"
4154,"['active_energy', 'workout_duration', 'resting_hr']"
4155,"['workout_duration', 'active_energy', 'avg_hr']"
4156,"['workout_duration', 'avg_hr', 'exercise_time']"
4157,"['workout_duration', 'active_energy', 'exercise_time']"
4158,"['active_energy', 'workout_duration', 'distance']"
4159,"['workout_duration', 'active_energy', 'distance']"
4160,"['workout_duration', 'sleep_duration', 'avg_hr']"
4161,"['workout_duration', 'active_energy', 'exercise_time']"
4162,"['workout_duration', 'active_energy', 'sleep_duration']"
4163,"['active_energy', 'workout_duration', 'distance']"
4164,"['workout_duration', 'distance', 'resting_hr']"
4165,"['workout_duration', 'active_energy', 'distance']"
4166,"['workout_duration', 'avg_hr', 'active_energy']"
4167,"['workout_duration', 'active_energy', 'avg_hr']"
4168,"['workout_duration', 'active_energy', 'steps']"
4169,"['active_energy', 'workout_duration', 'sleep_duration']"
4170,"['workout_duration', 'active_energy', 'avg_hr']"
4171,"['active_energy', 'workout_duration', 'avg_hr']"
4172,"['workout_duration', 'avg_hr', 'distance']"
4173,"['workout_duration', 'active_energy', 'distance']"
4174,"['workout_duration', 'active_energy', 'resting_hr']"
4175,"['workout_duration', 'active_energy', 'resting_hr']"
4176,"['workout_duration', 'active_energy', 'avg_hr']"
4177,"['workout_duration', 'active_energy', 'distance']"
4178,"['avg_hr', 'active_energy', 'workout_duration']"
4179,"['active_energy', 'workout_duration', 'avg_hr']"
4180,"['workout_duration', 'active_energy', 'avg_hr']"
4181,"['workout_duration', 'active_energy', 'distance']"
4182,"['workout_duration', 'active_energy', 'distance']"
4183,"['workout_duration', 'active_energy', 'avg_hr']"
4184,"['workout_duration', 'active_energy', 'exercise_time']"
4185,"['workout_duration', 'active_energy', 'sleep_duration']"
4186,"['workout_duration', 'active_energy', 'avg_hr']"
4187,"['workout_duration', 'active_energy', 'avg_hr']"
4188,"['active_energy', 'workout_duration', 'sleep_duration']"
4189,"['workout_duration', 'active_energy', 'steps']"
4190,"['workout_duration', 'avg_hr', 'active_energy']"
4191,"['workout_duration', 'active_energy', 'avg_hr']"
4192,"['workout_duration', 'active_energy', 'avg_hr']"
4193,"['workout_duration', 'avg_hr', 'active_energy']"
4194,"['workout_duration', 'sleep_duration', 'avg_hr']"
4195,"['workout_duration', 'resting_hr', 'active_energy']"
4196,"['workout_duration', 'active_energy', 'avg_hr']"
4197,"['workout_duration', 'avg_hr', 'active_energy']"
4198,"['workout_duration', 'steps', 'exercise_time']"
4199,"['workout_duration', 'active_energy', 'sleep_duration']"
4200,"['workout_duration', 'active_energy', 'sleep_duration']"
4201,"['workout_duration', 'active_energy', 'exercise_time']"
4202,"['workout_duration', 'active_energy', 'avg_hr']"
4203,"['active_energy', 'avg_hr', 'workout_duration']"
4204,"['workout_duration', 'active_energy', 'resting_hr']"
4205,"['workout_duration', 'resting_hr', 'exercise_time']"
4206,"['active_energy', 'workout_duration', 'steps']"
4207,"['workout_duration', 'active_energy', 'resting_hr']"
4208,"['workout_duration', 'active_energy', 'avg_hr']"
4209,"['workout_duration', 'active_energy', 'avg_hr']"
4210,"['active_energy', 'workout_duration', 'avg_hr']"
4211,"['workout_duration', 'avg_hr', 'resting_hr']"
4212,"['workout_duration', 'active_energy', 'exercise_time']"
4213,"['active_energy', 'workout_duration', 'resting_hr']"
4214,"['workout_duration', 'active_energy', 'distance']"
4215,"['workout_duration', 'resting_hr', 'active_energy']"
4216,"['workout_duration', 'active_energy', 'exercise_time']"
4217,"['workout_duration', 'active_energy', 'avg_hr']"
4218,"['active_energy', 'workout_duration', 'steps']"
4219,"['active_energy', 'workout_duration', 'exercise_time']"
4220,"['workout_duration', 'active_energy', 'avg_hr']"
4221,"['active_energy', 'avg_hr', 'workout_duration']"
4222,"['workout_duration', 'resting_hr', 'active_energy']"
4223,"['workout_duration', 'resting_hr', 'exercise_time']"
4224,"['workout_duration', 'active_energy', 'avg_hr']"
4225,"['workout_duration', 'steps', 'avg_hr']"
4226,"['workout_duration', 'active_energy', 'exercise_time']"
4227,"['workout_duration', 'active_energy', 'avg_hr']"
4228,"['active_energy', 'workout_duration', 'avg_hr']"
4229,"['avg_hr', 'active_energy', 'workout_duration']"
4230,"['workout_duration', 'active_energy', 'avg_hr']"
4231,"['workout_duration', 'active_energy', 'exercise_time']"
4232,"['workout_duration', 'active_energy', 'steps']"
4233,"['workout_duration', 'active_energy', 'sleep_duration']"
4234,"['active_energy', 'avg_hr', 'workout_duration']"
4235,"['active_energy', 'exercise_time', 'avg_hr']"
4236,"['avg_hr', 'active_energy', 'steps']"
4237,"['active_energy', 'exercise_time', 'steps']"
4238,"['active_energy', 'workout_duration', 'avg_hr']"
4239,"['workout_duration', 'active_energy', 'exercise_time']"
4240,"['active_energy', 'workout_duration', 'avg_hr']"
4241,"['avg_hr', 'active_energy', 'workout_duration']"
4242,"['workout_duration', 'active_energy', 'steps']"
4243,"['workout_duration', 'active_energy', 'sleep_duration']"
4244,"['avg_hr', 'workout_duration', 'resting_hr']"
4245,"['active_energy', 'workout_duration', 'distance']"
4246,"['avg_hr', 'workout_duration', 'active_energy']"
4247,"['active_energy', 'workout_duration', 'avg_hr']"
4248,"['workout_duration', 'exercise_time', 'active_energy']"
4249,"['workout_duration', 'active_energy', 'exercise_time']"
4250,"['avg_hr', 'workout_duration', 'distance']"
4251,"['workout_duration', 'active_energy', 'steps']"
4252,"['workout_duration', 'avg_hr', 'distance']"
4253,"['active_energy', 'workout_duration', 'exercise_time']"
4254,"['workout_duration', 'steps', 'active_energy']"
4255,"['workout_duration', 'distance', 'active_energy']"
4256,"['workout_duration', 'steps', 'active_energy']"
4257,"['workout_duration', 'active_energy', 'avg_hr']"
4258,"['workout_duration', 'active_energy', 'avg_hr']"
4259,"['active_energy', 'resting_hr', 'exercise_time']"
4260,"['workout_duration', 'steps', 'active_energy']"
4261,"['workout_duration', 'avg_hr', 'active_energy']"
4262,"['active_energy', 'workout_duration', 'sleep_duration']"
4263,"['avg_hr', 'workout_duration', 'active_energy']"
4264,"['workout_duration', 'exercise_time', 'active_energy']"
4265,"['workout_duration', 'avg_hr', 'active_energy']"
4266,"['workout_duration', 'active_energy', 'exercise_time']"
4267,"['workout_duration', 'active_energy', 'distance']"
4268,"['workout_duration', 'active_energy', 'steps']"
4269,"['workout_duration', 'active_energy', 'avg_hr']"
4270,"['active_energy', 'workout_duration', 'exercise_time']"
4271,"['workout_duration', 'resting_hr', 'active_energy']"
4272,"['workout_duration', 'resting_hr', 'steps']"
4273,"['workout_duration', 'distance', 'sleep_duration']"
4274,"['workout_duration', 'active_energy', 'avg_hr']"
4275,"['active_energy', 'exercise_time', 'workout_duration']"
4276,"['resting_hr', 'workout_duration', 'active_energy']"
4277,"['workout_duration', 'sleep_duration', 'steps']"
4278,"['workout_duration', 'active_energy', 'avg_hr']"
4279,"['workout_duration', 'avg_hr', 'active_energy']"
4280,"['workout_duration', 'active_energy', 'sleep_duration']"
4281,"['avg_hr', 'workout_duration', 'steps']"
4282,"['active_energy', 'workout_duration', 'avg_hr']"
4283,"['active_energy', 'avg_hr', 'workout_duration']"
4284,"['workout_duration', 'avg_hr', 'distance']"
4285,"['workout_duration', 'active_energy', 'resting_hr']"
4286,"['active_energy', 'workout_duration', 'sleep_duration']"
4287,"['workout_duration', 'active_energy', 'avg_hr']"
4288,"['workout_duration', 'active_energy', 'avg_hr']"
4289,"['active_energy', 'workout_duration', 'avg_hr']"
4290,"['workout_duration', 'active_energy', 'avg_hr']"
4291,"['workout_duration', 'active_energy', 'avg_hr']"
4292,"['active_energy', 'workout_duration', 'avg_hr']"
4293,"['workout_duration', 'avg_hr', 'distance']"
4294,"['active_energy', 'workout_duration', 'steps']"
4295,"['workout_duration', 'active_energy', 'distance']"
4296,"['active_energy', 'workout_duration', 'exercise_time']"
4297,"['active_energy', 'workout_duration', 'avg_hr']"
4298,"['active_energy', 'sleep_duration', 'avg_hr']"
4299,"['active_energy', 'workout_duration', 'exercise_time']"
4300,"['workout_duration', 'active_energy', 'avg_hr']"
4301,"['active_energy', 'avg_hr', 'workout_duration']"
4302,"['resting_hr', 'workout_duration', 'active_energy']"
4303,"['workout_duration', 'active_energy', 'sleep_duration']"
4304,"['workout_duration', 'steps', 'active_energy']"
4305,"['workout_duration', 'active_energy', 'steps']"
4306,"['workout_duration', 'active_energy', 'avg_hr']"
4307,"['avg_hr', 'active_energy', 'workout_duration']"
4308,"['workout_duration', 'active_energy', 'avg_hr']"
4309,"['workout_duration', 'avg_hr', 'active_energy']"
4310,"['workout_duration', 'active_energy', 'avg_hr']"
4311,"['active_energy', 'workout_duration', 'avg_hr']"
4312,"['workout_duration', 'avg_hr', 'exercise_time']"
4313,"['workout_duration', 'active_energy', 'avg_hr']"
4314,"['active_energy', 'workout_duration', 'exercise_time']"
4315,"['workout_duration', 'active_energy', 'avg_hr']"
4316,"['workout_duration', 'active_energy', 'distance']"
4317,"['workout_duration', 'active_energy', 'distance']"
4318,"['active_energy', 'workout_duration', 'distance']"
4319,"['active_energy', 'avg_hr', 'workout_duration']"
4320,"['workout_duration', 'active_energy', 'exercise_time']"
4321,"['workout_duration', 'active_energy', 'distance']"
4322,"['workout_duration', 'resting_hr', 'active_energy']"
4323,"['avg_hr', 'workout_duration', 'sleep_duration']"
4324,"['active_energy', 'workout_duration', 'distance']"
4325,"['active_energy', 'workout_duration', 'avg_hr']"
4326,"['avg_hr', 'active_energy', 'workout_duration']"
4327,"['workout_duration', 'active_energy', 'sleep_duration']"
4328,"['avg_hr', 'workout_duration', 'active_energy']"
4329,"['workout_duration', 'avg_hr', 'active_energy']"
4330,"['workout_duration', 'active_energy', 'sleep_duration']"
4331,"['workout_duration', 'active_energy', 'distance']"
4332,"['active_energy', 'workout_duration', 'resting_hr']"
4333,"['workout_duration', 'active_energy', 'distance']"
4334,"['active_energy', 'avg_hr', 'workout_duration']"
4335,"['workout_duration', 'active_energy', 'sleep_duration']"
4336,"['workout_duration', 'resting_hr', 'distance']"
4337,"['workout_duration', 'active_energy', 'sleep_duration']"
4338,"['workout_duration', 'active_energy', 'avg_hr']"
4339,"['workout_duration', 'active_energy', 'avg_hr']"
4340,"['resting_hr', 'active_energy', 'exercise_time']"
4341,"['active_energy', 'workout_duration', 'exercise_time']"
4342,"['workout_duration', 'active_energy', 'distance']"
4343,"['workout_duration', 'distance', 'active_energy']"
4344,"['workout_duration', 'active_energy', 'avg_hr']"
4345,"['workout_duration', 'active_energy', 'sleep_duration']"
4346,"['active_energy', 'exercise_time', 'avg_hr']"
4347,"['workout_duration', 'active_energy', 'avg_hr']"
4348,"['workout_duration', 'active_energy', 'resting_hr']"
4349,"['active_energy', 'workout_duration', 'resting_hr']"
4350,"['avg_hr', 'workout_duration', 'active_energy']"
4351,"['workout_duration', 'active_energy', 'avg_hr']"
4352,"['workout_duration', 'active_energy', 'resting_hr']"
4353,"['workout_duration', 'avg_hr', 'sleep_duration']"
4354,"['workout_duration', 'active_energy', 'steps']"
4355,"['workout_duration', 'active_energy', 'avg_hr']"
4356,"['workout_duration', 'active_energy', 'sleep_duration']"
4357,"['workout_duration', 'avg_hr', 'distance']"
4358,"['workout_duration', 'active_energy', 'avg_hr']"
4359,"['active_energy', 'workout_duration', 'avg_hr']"
4360,"['avg_hr', 'workout_duration', 'active_energy']"
4361,"['workout_duration', 'active_energy', 'resting_hr']"
4362,"['workout_duration', 'active_energy', 'exercise_time']"
4363,"['active_energy', 'workout_duration', 'avg_hr']"
4364,"['workout_duration', 'active_energy', 'sleep_duration']"
4365,"['workout_duration', 'active_energy', 'sleep_duration']"
4366,"['active_energy', 'workout_duration', 'avg_hr']"
4367,"['workout_duration', 'avg_hr', 'steps']"
4368,"['active_energy', 'workout_duration', 'avg_hr']"
4369,"['active_energy', 'resting_hr', 'workout_duration']"
4370,"['workout_duration', 'active_energy', 'resting_hr']"
4371,"['workout_duration', 'distance', 'active_energy']"
4372,"['workout_duration', 'distance', 'resting_hr']"
4373,"['active_energy', 'workout_duration', 'exercise_time']"
4374,"['workout_duration', 'active_energy', 'sleep_duration']"
4375,"['workout_duration', 'active_energy', 'distance']"
4376,"['workout_duration', 'active_energy', 'avg_hr']"
4377,"['active_energy', 'workout_duration', 'steps']"
4378,"['workout_duration', 'avg_hr', 'active_energy']"
4379,"['workout_duration', 'avg_hr', 'active_energy']"
4380,"['workout_duration', 'active_energy', 'distance']"
4381,"['active_energy', 'workout_duration', 'avg_hr']"
4382,"['workout_duration', 'active_energy', 'steps']"
4383,"['active_energy', 'workout_duration', 'avg_hr']"
4384,"['distance', 'active_energy', 'avg_hr']"
4385,"['active_energy', 'workout_duration', 'avg_hr']"
4386,"['workout_duration', 'active_energy', 'exercise_time']"
4387,"['workout_duration', 'active_energy', 'avg_hr']"
4388,"['workout_duration', 'active_energy', 'avg_hr']"
4389,"['active_energy', 'avg_hr', 'workout_duration']"
4390,"['workout_duration', 'active_energy', 'avg_hr']"
4391,"['active_energy', 'workout_duration', 'sleep_duration']"
4392,"['active_energy', 'steps', 'workout_duration']"
4393,"['avg_hr', 'active_energy', 'workout_duration']"
4394,"['workout_duration', 'active_energy', 'avg_hr']"
4395,"['workout_duration', 'active_energy', 'sleep_duration']"
4396,"['workout_duration', 'active_energy', 'sleep_duration']"
4397,"['workout_duration', 'active_energy', 'exercise_time']"
4398,"['workout_duration', 'steps', 'resting_hr']"
4399,"['active_energy', 'avg_hr', 'workout_duration']"
4400,"['active_energy', 'workout_duration', 'steps']"
4401,"['workout_duration', 'active_energy', 'distance']"
4402,"['workout_duration', 'exercise_time', 'steps']"
4403,"['workout_duration', 'active_energy', 'sleep_duration']"
4404,"['workout_duration', 'active_energy', 'steps']"
4405,"['workout_duration', 'active_energy', 'sleep_duration']"
4406,"['workout_duration', 'active_energy', 'exercise_time']"
4407,"['workout_duration', 'active_energy', 'steps']"
4408,"['workout_duration', 'resting_hr', 'avg_hr']"
4409,"['workout_duration', 'active_energy', 'steps']"
4410,"['workout_duration', 'active_energy', 'sleep_duration']"
4411,"['workout_duration', 'exercise_time', 'resting_hr']"
4412,"['workout_duration', 'active_energy', 'sleep_duration']"
4413,"['workout_duration', 'avg_hr', 'active_energy']"
4414,"['workout_duration', 'active_energy', 'steps']"
4415,"['workout_duration', 'distance', 'avg_hr']"
4416,"['workout_duration', 'avg_hr', 'active_energy']"
4417,"['workout_duration', 'steps', 'avg_hr']"
4418,"['active_energy', 'avg_hr', 'workout_duration']"
4419,"['workout_duration', 'active_energy', 'avg_hr']"
4420,"['active_energy', 'avg_hr', 'workout_duration']"
4421,"['workout_duration', 'sleep_duration', 'avg_hr']"
4422,"['workout_duration', 'avg_hr', 'active_energy']"
4423,"['workout_duration', 'resting_hr', 'avg_hr']"
4424,"['workout_duration', 'avg_hr', 'active_energy']"
4425,"['active_energy', 'workout_duration', 'exercise_time']"
4426,"['workout_duration', 'active_energy', 'avg_hr']"
4427,"['workout_duration', 'active_energy', 'avg_hr']"
4428,"['workout_duration', 'active_energy', 'exercise_time']"
4429,"['workout_duration', 'avg_hr', 'distance']"
4430,"['workout_duration', 'distance', 'active_energy']"
4431,"['workout_duration', 'resting_hr', 'exercise_time']"
4432,"['workout_duration', 'active_energy', 'avg_hr']"
4433,"['active_energy', 'avg_hr', 'workout_duration']"
4434,"['workout_duration', 'active_energy', 'sleep_duration']"
4435,"['workout_duration', 'active_energy', 'avg_hr']"
4436,"['workout_duration', 'active_energy', 'avg_hr']"
4437,"['workout_duration', 'avg_hr', 'active_energy']"
4438,"['workout_duration', 'sleep_duration', 'steps']"
4439,"['workout_duration', 'active_energy', 'resting_hr']"
4440,"['active_energy', 'steps', 'workout_duration']"
4441,"['active_energy', 'workout_duration', 'steps']"
4442,"['workout_duration', 'avg_hr', 'exercise_time']"
4443,"['avg_hr', 'workout_duration', 'active_energy']"
4444,"['workout_duration', 'avg_hr', 'active_energy']"
4445,"['active_energy', 'avg_hr', 'workout_duration']"
4446,"['active_energy', 'workout_duration', 'sleep_duration']"
4447,"['workout_duration', 'avg_hr', 'active_energy']"
4448,"['workout_duration', 'active_energy', 'sleep_duration']"
4449,"['workout_duration', 'active_energy', 'steps']"
4450,"['active_energy', 'workout_duration', 'exercise_time']"
4451,"['workout_duration', 'active_energy', 'avg_hr']"
4452,"['workout_duration', 'distance', 'avg_hr']"
4453,"['workout_duration', 'active_energy', 'resting_hr']"
4454,"['active_energy', 'avg_hr', 'workout_duration']"
4455,"['workout_duration', 'avg_hr', 'active_energy']"
4456,"['active_energy', 'workout_duration', 'avg_hr']"
4457,"['workout_duration', 'avg_hr', 'active_energy']"
4458,"['workout_duration', 'resting_hr', 'avg_hr']"
4459,"['workout_duration', 'avg_hr', 'distance']"
4460,"['workout_duration', 'active_energy', 'avg_hr']"
4461,"['active_energy', 'distance', 'workout_duration']"
4462,"['active_energy', 'avg_hr', 'workout_duration']"
4463,"['workout_duration', 'steps', 'active_energy']"
4464,"['workout_duration', 'active_energy', 'resting_hr']"
4465,"['workout_duration', 'avg_hr', 'distance']"
4466,"['workout_duration', 'exercise_time', 'active_energy']"
4467,"['workout_duration', 'active_energy', 'avg_hr']"
4468,"['active_energy', 'workout_duration', 'resting_hr']"
4469,"['workout_duration', 'active_energy', 'exercise_time']"
4470,"['active_energy', 'avg_hr', 'workout_duration']"
4471,"['workout_duration', 'active_energy', 'sleep_duration']"
4472,"['active_energy', 'workout_duration', 'avg_hr']"
4473,"['active_energy', 'workout_duration', 'distance']"
4474,"['workout_duration', 'active_energy', 'avg_hr']"
4475,"['workout_duration', 'active_energy', 'resting_hr']"
4476,"['avg_hr', 'distance', 'workout_duration']"
4477,"['active_energy', 'workout_duration', 'resting_hr']"
4478,"['workout_duration', 'avg_hr', 'sleep_duration']"
4479,"['workout_duration', 'active_energy', 'avg_hr']"
4480,"['steps', 'workout_duration', 'avg_hr']"
4481,"['active_energy', 'resting_hr', 'workout_duration']"
4482,"['workout_duration', 'exercise_time', 'active_energy']"
4483,"['resting_hr', 'avg_hr', 'workout_duration']"
4484,"['active_energy', 'workout_duration', 'distance']"
4485,"['workout_duration', 'avg_hr', 'active_energy']"
4486,"['workout_duration', 'active_energy', 'resting_hr']"
4487,"['active_energy', 'avg_hr', 'workout_duration']"
4488,"['workout_duration', 'distance', 'avg_hr']"
4489,"['workout_duration', 'active_energy', 'avg_hr']"
4490,"['workout_duration', 'active_energy', 'distance']"
4491,"['workout_duration', 'active_energy', 'avg_hr']"
4492,"['active_energy', 'workout_duration', 'exercise_time']"
4493,"['workout_duration', 'active_energy', 'avg_hr']"
4494,"['active_energy', 'steps', 'workout_duration']"
4495,"['workout_duration', 'active_energy', 'avg_hr']"
4496,"['workout_duration', 'active_energy', 'avg_hr']"
4497,"['active_energy', 'workout_duration', 'avg_hr']"
4498,"['avg_hr', 'active_energy', 'resting_hr']"
4499,"['workout_duration', 'active_energy', 'avg_hr']"
4500,"['workout_duration', 'active_energy', 'resting_hr']"
4501,"['workout_duration', 'active_energy', 'distance']"
4502,"['workout_duration', 'active_energy', 'avg_hr']"
4503,"['workout_duration', 'active_energy', 'avg_hr']"
4504,"['workout_duration', 'active_energy', 'sleep_duration']"
4505,"['workout_duration', 'exercise_time', 'distance']"
4506,"['avg_hr', 'workout_duration', 'active_energy']"
4507,"['workout_duration', 'steps', 'avg_hr']"
4508,"['workout_duration', 'active_energy', 'steps']"
4509,"['workout_duration', 'active_energy', 'resting_hr']"
4510,"['avg_hr', 'workout_duration', 'active_energy']"
4511,"['workout_duration', 'active_energy', 'sleep_duration']"
4512,"['workout_duration', 'active_energy', 'resting_hr']"
4513,"['workout_duration', 'active_energy', 'sleep_duration']"
4514,"['avg_hr', 'workout_duration', 'active_energy']"
4515,"['active_energy', 'workout_duration', 'avg_hr']"
4516,"['workout_duration', 'exercise_time', 'distance']"
4517,"['workout_duration', 'steps', 'resting_hr']"
4518,"['workout_duration', 'active_energy', 'avg_hr']"
4519,"['workout_duration', 'avg_hr', 'active_energy']"
4520,"['active_energy', 'avg_hr', 'workout_duration']"
4521,"['sleep_duration', 'workout_duration', 'active_energy']"
4522,"['workout_duration', 'active_energy', 'steps']"
4523,"['workout_duration', 'sleep_duration', 'avg_hr']"
4524,"['avg_hr', 'workout_duration', 'active_energy']"
4525,"['workout_duration', 'active_energy', 'avg_hr']"
4526,"['workout_duration', 'active_energy', 'avg_hr']"
4527,"['workout_duration', 'avg_hr', 'active_energy']"
4528,"['workout_duration', 'avg_hr', 'exercise_time']"
4529,"['workout_duration', 'active_energy', 'exercise_time']"
4530,"['workout_duration', 'sleep_duration', 'active_energy']"
4531,"['workout_duration', 'avg_hr', 'distance']"
4532,"['workout_duration', 'active_energy', 'avg_hr']"
4533,"['workout_duration', 'active_energy', 'avg_hr']"
4534,"['workout_duration', 'avg_hr', 'active_energy']"
4535,"['workout_duration', 'distance', 'sleep_duration']"
4536,"['workout_duration', 'active_energy', 'resting_hr']"
4537,"['workout_duration', 'active_energy', 'avg_hr']"
4538,"['workout_duration', 'active_energy', 'distance']"
4539,"['workout_duration', 'active_energy', 'avg_hr']"
4540,"['workout_duration', 'active_energy', 'avg_hr']"
4541,"['workout_duration', 'active_energy', 'avg_hr']"
4542,"['active_energy', 'workout_duration', 'exercise_time']"
4543,"['active_energy', 'workout_duration', 'resting_hr']"
4544,"['workout_duration', 'active_energy', 'exercise_time']"
4545,"['workout_duration', 'resting_hr', 'exercise_time']"
4546,"['workout_duration', 'avg_hr', 'active_energy']"
4547,"['workout_duration', 'avg_hr', 'active_energy']"
4548,"['workout_duration', 'active_energy', 'sleep_duration']"
4549,"['active_energy', 'workout_duration', 'sleep_duration']"
4550,"['workout_duration', 'avg_hr', 'active_energy']"
4551,"['workout_duration', 'resting_hr', 'active_energy']"
4552,"['active_energy', 'avg_hr', 'steps']"
4553,"['avg_hr', 'active_energy', 'steps']"
4554,"['avg_hr', 'workout_duration', 'active_energy']"
4555,"['workout_duration', 'active_energy', 'avg_hr']"
4556,"['workout_duration', 'active_energy', 'avg_hr']"
4557,"['workout_duration', 'steps', 'avg_hr']"
4558,"['workout_duration', 'distance', 'active_energy']"
4559,"['workout_duration', 'distance', 'active_energy']"
4560,"['workout_duration', 'active_energy', 'resting_hr']"
4561,"['workout_duration', 'active_energy', 'steps']"
4562,"['workout_duration', 'active_energy', 'avg_hr']"
4563,"['active_energy', 'workout_duration', 'avg_hr']"
4564,"['workout_duration', 'exercise_time', 'active_energy']"
4565,"['workout_duration', 'active_energy', 'sleep_duration']"
4566,"['workout_duration', 'avg_hr', 'distance']"
4567,"['active_energy', 'workout_duration', 'distance']"
4568,"['workout_duration', 'distance', 'resting_hr']"
4569,"['workout_duration', 'avg_hr', 'distance']"
4570,"['active_energy', 'workout_duration', 'distance']"
4571,"['workout_duration', 'sleep_duration', 'avg_hr']"
4572,"['workout_duration', 'resting_hr', 'distance']"
4573,"['workout_duration', 'avg_hr', 'distance']"
4574,"['workout_duration', 'resting_hr', 'avg_hr']"
4575,"['workout_duration', 'avg_hr', 'distance']"
4576,"['workout_duration', 'avg_hr', 'active_energy']"
4577,"['workout_duration', 'active_energy', 'resting_hr']"
4578,"['avg_hr', 'workout_duration', 'active_energy']"
4579,"['workout_duration', 'active_energy', 'avg_hr']"
4580,"['workout_duration', 'avg_hr', 'active_energy']"
4581,"['active_energy', 'workout_duration', 'avg_hr']"
4582,"['exercise_time', 'workout_duration', 'active_energy']"
4583,"['workout_duration', 'avg_hr', 'exercise_time']"
4584,"['active_energy', 'distance', 'workout_duration']"
4585,"['workout_duration', 'exercise_time', 'distance']"
4586,"['active_energy', 'workout_duration', 'sleep_duration']"
4587,"['active_energy', 'workout_duration', 'resting_hr']"
4588,"['workout_duration', 'avg_hr', 'sleep_duration']"
4589,"['workout_duration', 'active_energy', 'avg_hr']"
4590,"['workout_duration', 'avg_hr', 'active_energy']"
4591,"['workout_duration', 'avg_hr', 'resting_hr']"
4592,"['workout_duration', 'steps', 'exercise_time']"
4593,"['workout_duration', 'active_energy', 'distance']"
4594,"['active_energy', 'workout_duration', 'sleep_duration']"
4595,"['avg_hr', 'active_energy', 'workout_duration']"
4596,"['workout_duration', 'avg_hr', 'sleep_duration']"
4597,"['workout_duration', 'active_energy', 'avg_hr']"
4598,"['workout_duration', 'active_energy', 'exercise_time']"
4599,"['active_energy', 'exercise_time', 'workout_duration']"
4600,"['avg_hr', 'workout_duration', 'active_energy']"
4601,"['active_energy', 'workout_duration', 'resting_hr']"
4602,"['workout_duration', 'active_energy', 'avg_hr']"
4603,"['active_energy', 'workout_duration', 'sleep_duration']"
4604,"['workout_duration', 'active_energy', 'exercise_time']"
4605,"['workout_duration', 'active_energy', 'distance']"
4606,"['active_energy', 'workout_duration', 'avg_hr']"
4607,"['active_energy', 'workout_duration', 'exercise_time']"
4608,"['active_energy', 'workout_duration', 'distance']"
4609,"['workout_duration', 'avg_hr', 'steps']"
4610,"['workout_duration', 'steps', 'sleep_duration']"
4611,"['workout_duration', 'avg_hr', 'active_energy']"
4612,"['active_energy', 'workout_duration', 'avg_hr']"
4613,"['workout_duration', 'active_energy', 'avg_hr']"
4614,"['workout_duration', 'active_energy', 'avg_hr']"
4615,"['active_energy', 'workout_duration', 'steps']"
4616,"['active_energy', 'avg_hr', 'sleep_duration']"
4617,"['workout_duration', 'active_energy', 'avg_hr']"
4618,"['workout_duration', 'resting_hr', 'avg_hr']"
4619,"['active_energy', 'workout_duration', 'exercise_time']"
4620,"['active_energy', 'workout_duration', 'avg_hr']"
4621,"['workout_duration', 'steps', 'active_energy']"
4622,"['avg_hr', 'workout_duration', 'active_energy']"
4623,"['workout_duration', 'active_energy', 'sleep_duration']"
4624,"['workout_duration', 'active_energy', 'avg_hr']"
4625,"['resting_hr', 'workout_duration', 'avg_hr']"
4626,"['workout_duration', 'exercise_time', 'active_energy']"
4627,"['workout_duration', 'avg_hr', 'active_energy']"
4628,"['workout_duration', 'active_energy', 'distance']"
4629,"['workout_duration', 'avg_hr', 'active_energy']"
4630,"['workout_duration', 'active_energy', 'avg_hr']"
4631,"['workout_duration', 'active_energy', 'avg_hr']"
4632,"['active_energy', 'avg_hr', 'distance']"
4633,"['workout_duration', 'active_energy', 'distance']"
4634,"['workout_duration', 'active_energy', 'avg_hr']"
4635,"['workout_duration', 'active_energy', 'steps']"
4636,"['active_energy', 'steps', 'workout_duration']"
4637,"['avg_hr', 'active_energy', 'exercise_time']"
4638,"['active_energy', 'avg_hr', 'workout_duration']"
4639,"['active_energy', 'workout_duration', 'avg_hr']"
4640,"['workout_duration', 'active_energy', 'avg_hr']"
4641,"['workout_duration', 'active_energy', 'avg_hr']"
4642,"['workout_duration', 'active_energy', 'distance']"
4643,"['workout_duration', 'active_energy', 'avg_hr']"
4644,"['workout_duration', 'active_energy', 'resting_hr']"
4645,"['workout_duration', 'avg_hr', 'active_energy']"
4646,"['workout_duration', 'active_energy', 'avg_hr']"
4647,"['workout_duration', 'resting_hr', 'active_energy']"
4648,"['workout_duration', 'avg_hr', 'active_energy']"
4649,"['workout_duration', 'active_energy', 'avg_hr']"
4650,"['workout_duration', 'active_energy', 'avg_hr']"
4651,"['workout_duration', 'exercise_time', 'active_energy']"
4652,"['active_energy', 'workout_duration', 'resting_hr']"
4653,"['active_energy', 'avg_hr', 'workout_duration']"
4654,"['avg_hr', 'active_energy', 'workout_duration']"
4655,"['workout_duration', 'avg_hr', 'active_energy']"
4656,"['workout_duration', 'active_energy', 'avg_hr']"
4657,"['active_energy', 'workout_duration', 'avg_hr']"
4658,"['active_energy', 'workout_duration', 'avg_hr']"
4659,"['workout_duration', 'active_energy', 'exercise_time']"
4660,"['active_energy', 'workout_duration', 'avg_hr']"
4661,"['avg_hr', 'resting_hr', 'workout_duration']"
4662,"['active_energy', 'workout_duration', 'distance']"
4663,"['workout_duration', 'active_energy', 'resting_hr']"
4664,"['avg_hr', 'workout_duration', 'active_energy']"
4665,"['active_energy', 'workout_duration', 'steps']"
4666,"['workout_duration', 'sleep_duration', 'active_energy']"
4667,"['workout_duration', 'active_energy', 'distance']"
4668,"['workout_duration', 'exercise_time', 'resting_hr']"
4669,"['workout_duration', 'active_energy', 'exercise_time']"
4670,"['avg_hr', 'active_energy', 'workout_duration']"
4671,"['workout_duration', 'active_energy', 'exercise_time']"
4672,"['workout_duration', 'avg_hr', 'resting_hr']"
4673,"['workout_duration', 'active_energy', 'sleep_duration']"
4674,"['active_energy', 'exercise_time', 'distance']"
4675,"['workout_duration', 'active_energy', 'steps']"
4676,"['workout_duration', 'resting_hr', 'sleep_duration']"
4677,"['workout_duration', 'active_energy', 'avg_hr']"
4678,"['active_energy', 'workout_duration', 'sleep_duration']"
4679,"['workout_duration', 'avg_hr', 'active_energy']"
4680,"['avg_hr', 'workout_duration', 'active_energy']"
4681,"['workout_duration', 'active_energy', 'avg_hr']"
4682,"['active_energy', 'sleep_duration', 'workout_duration']"
4683,"['active_energy', 'workout_duration', 'avg_hr']"
4684,"['workout_duration', 'active_energy', 'sleep_duration']"
4685,"['distance', 'active_energy', 'workout_duration']"
4686,"['steps', 'active_energy', 'workout_duration']"
4687,"['active_energy', 'workout_duration', 'exercise_time']"
4688,"['workout_duration', 'avg_hr', 'sleep_duration']"
4689,"['workout_duration', 'active_energy', 'avg_hr']"
4690,"['workout_duration', 'active_energy', 'avg_hr']"
4691,"['workout_duration', 'sleep_duration', 'exercise_time']"
4692,"['workout_duration', 'active_energy', 'exercise_time']"
4693,"['avg_hr', 'active_energy', 'exercise_time']"
4694,"['workout_duration', 'avg_hr', 'active_energy']"
4695,"['active_energy', 'workout_duration', 'avg_hr']"
4696,"['active_energy', 'workout_duration', 'avg_hr']"
4697,"['active_energy', 'workout_duration', 'exercise_time']"
4698,"['workout_duration', 'active_energy', 'sleep_duration']"
4699,"['workout_duration', 'active_energy', 'exercise_time']"
4700,"['workout_duration', 'active_energy', 'sleep_duration']"
4701,"['active_energy', 'workout_duration', 'steps']"
4702,"['workout_duration', 'active_energy', 'resting_hr']"
4703,"['workout_duration', 'active_energy', 'exercise_time']"
4704,"['active_energy', 'workout_duration', 'avg_hr']"
4705,"['workout_duration', 'avg_hr', 'exercise_time']"
4706,"['workout_duration', 'avg_hr', 'active_energy']"
4707,"['workout_duration', 'active_energy', 'avg_hr']"
4708,"['workout_duration', 'active_energy', 'resting_hr']"
4709,"['active_energy', 'workout_duration', 'sleep_duration']"
4710,"['workout_duration', 'active_energy', 'avg_hr']"
4711,"['active_energy', 'workout_duration', 'avg_hr']"
4712,"['workout_duration', 'avg_hr', 'active_energy']"
4713,"['workout_duration', 'avg_hr', 'active_energy']"
4714,"['workout_duration', 'active_energy', 'distance']"
4715,"['workout_duration', 'active_energy', 'steps']"
4716,"['workout_duration', 'active_energy', 'exercise_time']"
4717,"['workout_duration', 'exercise_time', 'avg_hr']"
4718,"['active_energy', 'avg_hr', 'workout_duration']"
4719,"['workout_duration', 'active_energy', 'distance']"
4720,"['workout_duration', 'avg_hr', 'resting_hr']"
4721,"['workout_duration', 'active_energy', 'steps']"
4722,"['workout_duration', 'active_energy', 'resting_hr']"
4723,"['workout_duration', 'active_energy', 'distance']"
4724,"['active_energy', 'workout_duration', 'avg_hr']"
4725,"['workout_duration', 'active_energy', 'avg_hr']"
4726,"['workout_duration', 'resting_hr', 'avg_hr']"
4727,"['workout_duration', 'active_energy', 'sleep_duration']"
4728,"['workout_duration', 'active_energy', 'steps']"
4729,"['active_energy', 'workout_duration', 'sleep_duration']"
4730,"['workout_duration', 'active_energy', 'avg_hr']"
4731,"['workout_duration', 'active_energy', 'distance']"
4732,"['workout_duration', 'avg_hr', 'exercise_time']"
4733,"['workout_duration', 'avg_hr', 'active_energy']"
4734,"['active_energy', 'workout_duration', 'distance']"
4735,"['workout_duration', 'avg_hr', 'active_energy']"
4736,"['workout_duration', 'active_energy', 'sleep_duration']"
4737,"['active_energy', 'workout_duration', 'resting_hr']"
4738,"['active_energy', 'workout_duration', 'avg_hr']"
4739,"['workout_duration', 'avg_hr', 'steps']"
4740,"['avg_hr', 'active_energy', 'workout_duration']"
4741,"['workout_duration', 'exercise_time', 'active_energy']"
4742,"['workout_duration', 'active_energy', 'steps']"
4743,"['workout_duration', 'exercise_time', 'distance']"
4744,"['workout_duration', 'avg_hr', 'resting_hr']"
4745,"['active_energy', 'avg_hr', 'workout_duration']"
4746,"['active_energy', 'workout_duration', 'avg_hr']"
4747,"['workout_duration', 'avg_hr', 'resting_hr']"
4748,"['active_energy', 'workout_duration', 'sleep_duration']"
4749,"['workout_duration', 'distance', 'avg_hr']"
4750,"['active_energy', 'workout_duration', 'exercise_time']"
4751,"['active_energy', 'distance', 'workout_duration']"
4752,"['avg_hr', 'workout_duration', 'steps']"
4753,"['workout_duration', 'avg_hr', 'active_energy']"
4754,"['workout_duration', 'avg_hr', 'active_energy']"
4755,"['active_energy', 'workout_duration', 'avg_hr']"
4756,"['workout_duration', 'exercise_time', 'avg_hr']"
4757,"['active_energy', 'workout_duration', 'avg_hr']"
4758,"['workout_duration', 'active_energy', 'distance']"
4759,"['resting_hr', 'active_energy', 'sleep_duration']"
4760,"['active_energy', 'workout_duration', 'sleep_duration']"
4761,"['active_energy', 'avg_hr', 'workout_duration']"
4762,"['active_energy', 'workout_duration', 'avg_hr']"
4763,"['workout_duration', 'avg_hr', 'active_energy']"
4764,"['workout_duration', 'avg_hr', 'active_energy']"
4765,"['workout_duration', 'active_energy', 'avg_hr']"
4766,"['steps', 'active_energy', 'distance']"
4767,"['active_energy', 'workout_duration', 'steps']"
4768,"['active_energy', 'workout_duration', 'avg_hr']"
4769,"['active_energy', 'workout_duration', 'avg_hr']"
4770,"['workout_duration', 'resting_hr', 'avg_hr']"
4771,"['workout_duration', 'active_energy', 'sleep_duration']"
4772,"['active_energy', 'workout_duration', 'exercise_time']"
4773,"['active_energy', 'workout_duration', 'avg_hr']"
4774,"['active_energy', 'workout_duration', 'avg_hr']"
4775,"['avg_hr', 'workout_duration', 'exercise_time']"
4776,"['workout_duration', 'active_energy', 'steps']"
4777,"['active_energy', 'avg_hr', 'workout_duration']"
4778,"['active_energy', 'workout_duration', 'resting_hr']"
4779,"['workout_duration', 'exercise_time', 'active_energy']"
4780,"['workout_duration', 'active_energy', 'avg_hr']"
4781,"['workout_duration', 'avg_hr', 'active_energy']"
4782,"['workout_duration', 'active_energy', 'exercise_time']"
4783,"['workout_duration', 'active_energy', 'steps']"
4784,"['active_energy', 'workout_duration', 'distance']"
4785,"['active_energy', 'avg_hr', 'steps']"
4786,"['workout_duration', 'avg_hr', 'distance']"
4787,"['resting_hr', 'active_energy', 'workout_duration']"
4788,"['workout_duration', 'active_energy', 'steps']"
4789,"['active_energy', 'avg_hr', 'workout_duration']"
4790,"['workout_duration', 'active_energy', 'steps']"
4791,"['active_energy', 'workout_duration', 'sleep_duration']"
4792,"['workout_duration', 'active_energy', 'avg_hr']"
4793,"['active_energy', 'sleep_duration', 'workout_duration']"
4794,"['active_energy', 'workout_duration', 'exercise_time']"
4795,"['workout_duration', 'active_energy', 'steps']"
4796,"['workout_duration', 'avg_hr', 'sleep_duration']"
4797,"['workout_duration', 'active_energy', 'avg_hr']"
4798,"['active_energy', 'workout_duration', 'avg_hr']"
4799,"['workout_duration', 'active_energy', 'resting_hr']"
4800,"['workout_duration', 'distance', 'active_energy']"
4801,"['workout_duration', 'active_energy', 'distance']"
4802,"['avg_hr', 'workout_duration', 'active_energy']"
4803,"['active_energy', 'workout_duration', 'avg_hr']"
4804,"['active_energy', 'workout_duration', 'steps']"
4805,"['workout_duration', 'avg_hr', 'resting_hr']"
4806,"['workout_duration', 'steps', 'distance']"
4807,"['workout_duration', 'active_energy', 'sleep_duration']"
4808,"['workout_duration', 'avg_hr', 'distance']"
4809,"['active_energy', 'workout_duration', 'steps']"
4810,"['workout_duration', 'active_energy', 'sleep_duration']"
4811,"['active_energy', 'steps', 'workout_duration']"
4812,"['workout_duration', 'active_energy', 'resting_hr']"
4813,"['workout_duration', 'active_energy', 'steps']"
4814,"['workout_duration', 'active_energy', 'avg_hr']"
4815,"['workout_duration', 'avg_hr', 'active_energy']"
4816,"['workout_duration', 'active_energy', 'avg_hr']"
4817,"['active_energy', 'avg_hr', 'workout_duration']"
4818,"['active_energy', 'workout_duration', 'distance']"
4819,"['workout_duration', 'active_energy', 'exercise_time']"
4820,"['workout_duration', 'active_energy', 'exercise_time']"
4821,"['active_energy', 'workout_duration', 'avg_hr']"
4822,"['workout_duration', 'active_energy', 'resting_hr']"
4823,"['active_energy', 'workout_duration', 'resting_hr']"
4824,"['workout_duration', 'active_energy', 'distance']"
4825,"['active_energy', 'workout_duration', 'exercise_time']"
4826,"['workout_duration', 'active_energy', 'resting_hr']"
4827,"['workout_duration', 'active_energy', 'resting_hr']"
4828,"['active_energy', 'steps', 'exercise_time']"
4829,"['workout_duration', 'avg_hr', 'steps']"
4830,"['workout_duration', 'exercise_time', 'active_energy']"
4831,"['workout_duration', 'resting_hr', 'avg_hr']"
4832,"['workout_duration', 'active_energy', 'avg_hr']"
4833,"['sleep_duration', 'workout_duration', 'active_energy']"
4834,"['active_energy', 'workout_duration', 'avg_hr']"
4835,"['workout_duration', 'active_energy', 'exercise_time']"
4836,"['workout_duration', 'active_energy', 'avg_hr']"
4837,"['avg_hr', 'workout_duration', 'active_energy']"
4838,"['workout_duration', 'avg_hr', 'active_energy']"
4839,"['active_energy', 'avg_hr', 'distance']"
4840,"['workout_duration', 'active_energy', 'sleep_duration']"
4841,"['workout_duration', 'active_energy', 'steps']"
4842,"['workout_duration', 'steps', 'exercise_time']"
4843,"['workout_duration', 'avg_hr', 'active_energy']"
4844,"['active_energy', 'workout_duration', 'exercise_time']"
4845,"['workout_duration', 'distance', 'active_energy']"
4846,"['workout_duration', 'active_energy', 'distance']"
4847,"['workout_duration', 'active_energy', 'distance']"
4848,"['workout_duration', 'avg_hr', 'resting_hr']"
4849,"['workout_duration', 'active_energy', 'steps']"
4850,"['workout_duration', 'active_energy', 'sleep_duration']"
4851,"['active_energy', 'avg_hr', 'steps']"
4852,"['workout_duration', 'exercise_time', 'active_energy']"
4853,"['exercise_time', 'avg_hr', 'workout_duration']"
4854,"['workout_duration', 'sleep_duration', 'active_energy']"
4855,"['workout_duration', 'active_energy', 'distance']"
4856,"['workout_duration', 'steps', 'sleep_duration']"
4857,"['workout_duration', 'active_energy', 'avg_hr']"
4858,"['active_energy', 'workout_duration', 'resting_hr']"
4859,"['active_energy', 'workout_duration', 'resting_hr']"
4860,"['workout_duration', 'active_energy', 'resting_hr']"
4861,"['workout_duration', 'avg_hr', 'active_energy']"
4862,"['workout_duration', 'exercise_time', 'active_energy']"
4863,"['workout_duration', 'avg_hr', 'distance']"
4864,"['active_energy', 'workout_duration', 'avg_hr']"
4865,"['workout_duration', 'active_energy', 'steps']"
4866,"['active_energy', 'workout_duration', 'avg_hr']"
4867,"['workout_duration', 'sleep_duration', 'active_energy']"
4868,"['workout_duration', 'active_energy', 'resting_hr']"
4869,"['active_energy', 'workout_duration', 'exercise_time']"
4870,"['workout_duration', 'active_energy', 'avg_hr']"
4871,"['workout_duration', 'exercise_time', 'steps']"
4872,"['workout_duration', 'distance', 'active_energy']"
4873,"['workout_duration', 'active_energy', 'sleep_duration']"
4874,"['workout_duration', 'active_energy', 'distance']"
4875,"['active_energy', 'workout_duration', 'avg_hr']"
4876,"['workout_duration', 'active_energy', 'exercise_time']"
4877,"['workout_duration', 'active_energy', 'steps']"
4878,"['workout_duration', 'avg_hr', 'active_energy']"
4879,"['active_energy', 'steps', 'avg_hr']"
4880,"['avg_hr', 'workout_duration', 'sleep_duration']"
4881,"['workout_duration', 'active_energy', 'avg_hr']"
4882,"['workout_duration', 'active_energy', 'avg_hr']"
4883,"['workout_duration', 'active_energy', 'steps']"
4884,"['active_energy', 'workout_duration', 'steps']"
4885,"['active_energy', 'workout_duration', 'avg_hr']"
4886,"['workout_duration', 'active_energy', 'avg_hr']"
4887,"['active_energy', 'workout_duration', 'avg_hr']"
4888,"['workout_duration', 'avg_hr', 'active_energy']"
4889,"['workout_duration', 'avg_hr', 'active_energy']"
4890,"['workout_duration', 'active_energy', 'sleep_duration']"
4891,"['workout_duration', 'active_energy', 'avg_hr']"
4892,"['workout_duration', 'active_energy', 'distance']"
4893,"['workout_duration', 'active_energy', 'avg_hr']"
4894,"['workout_duration', 'active_energy', 'sleep_duration']"
4895,"['workout_duration', 'active_energy', 'resting_hr']"
4896,"['active_energy', 'workout_duration', 'avg_hr']"
4897,"['workout_duration', 'avg_hr', 'active_energy']"
4898,"['resting_hr', 'workout_duration', 'distance']"
4899,"['avg_hr', 'distance', 'active_energy']"
4900,"['avg_hr', 'workout_duration', 'active_energy']"
4901,"['active_energy', 'avg_hr', 'workout_duration']"
4902,"['workout_duration', 'avg_hr', 'steps']"
4903,"['workout_duration', 'exercise_time', 'active_energy']"
4904,"['workout_duration', 'active_energy', 'avg_hr']"
4905,"['workout_duration', 'active_energy', 'sleep_duration']"
4906,"['workout_duration', 'active_energy', 'avg_hr']"
4907,"['workout_duration', 'active_energy', 'sleep_duration']"
4908,"['workout_duration', 'active_energy', 'distance']"
4909,"['workout_duration', 'active_energy', 'distance']"
4910,"['workout_duration', 'active_energy', 'avg_hr']"
4911,"['active_energy', 'workout_duration', 'avg_hr']"
4912,"['workout_duration', 'active_energy', 'exercise_time']"
4913,"['active_energy', 'workout_duration', 'steps']"
4914,"['active_energy', 'avg_hr', 'workout_duration']"
4915,"['workout_duration', 'active_energy', 'resting_hr']"
4916,"['workout_duration', 'active_energy', 'sleep_duration']"
4917,"['workout_duration', 'active_energy', 'exercise_time']"
4918,"['workout_duration', 'active_energy', 'sleep_duration']"
4919,"['workout_duration', 'active_energy', 'avg_hr']"
4920,"['active_energy', 'avg_hr', 'distance']"
4921,"['active_energy', 'workout_duration', 'avg_hr']"
4922,"['workout_duration', 'avg_hr', 'active_energy']"
4923,"['active_energy', 'steps', 'workout_duration']"
4924,"['workout_duration', 'exercise_time', 'active_energy']"
4925,"['active_energy', 'workout_duration', 'steps']"
4926,"['workout_duration', 'avg_hr', 'distance']"
4927,"['active_energy', 'workout_duration', 'exercise_time']"
4928,"['workout_duration', 'active_energy', 'avg_hr']"
4929,"['workout_duration', 'active_energy', 'resting_hr']"
4930,"['active_energy', 'workout_duration', 'distance']"
4931,"['workout_duration', 'avg_hr', 'active_energy']"
4932,"['workout_duration', 'active_energy', 'sleep_duration']"
4933,"['workout_duration', 'active_energy', 'distance']"
4934,"['workout_duration', 'avg_hr', 'exercise_time']"
4935,"['active_energy', 'sleep_duration', 'workout_duration']"
4936,"['workout_duration', 'avg_hr', 'distance']"
4937,"['workout_duration', 'active_energy', 'exercise_time']"
4938,"['workout_duration', 'resting_hr', 'active_energy']"
4939,"['workout_duration', 'avg_hr', 'active_energy']"
4940,"['active_energy', 'workout_duration', 'avg_hr']"
4941,"['workout_duration', 'active_energy', 'avg_hr']"
4942,"['active_energy', 'avg_hr', 'exercise_time']"
4943,"['workout_duration', 'exercise_time', 'active_energy']"
4944,"['workout_duration', 'active_energy', 'avg_hr']"
4945,"['workout_duration', 'active_energy', 'resting_hr']"
4946,"['workout_duration', 'sleep_duration', 'exercise_time']"
4947,"['workout_duration', 'steps', 'distance']"
4948,"['workout_duration', 'active_energy', 'sleep_duration']"
4949,"['workout_duration', 'active_energy', 'sleep_duration']"
4950,"['avg_hr', 'steps', 'active_energy']"
4951,"['workout_duration', 'distance', 'active_energy']"
4952,"['workout_duration', 'avg_hr', 'exercise_time']"
4953,"['workout_duration', 'active_energy', 'avg_hr']"
4954,"['workout_duration', 'active_energy', 'exercise_time']"
4955,"['workout_duration', 'avg_hr', 'active_energy']"
4956,"['workout_duration', 'active_energy', 'steps']"
4957,"['workout_duration', 'steps', 'active_energy']"
4958,"['active_energy', 'workout_duration', 'sleep_duration']"
4959,"['workout_duration', 'distance', 'active_energy']"
4960,"['workout_duration', 'active_energy', 'steps']"
4961,"['workout_duration', 'avg_hr', 'distance']"
4962,"['workout_duration', 'active_energy', 'steps']"
4963,"['active_energy', 'workout_duration', 'sleep_duration']"
4964,"['workout_duration', 'avg_hr', 'active_energy']"
4965,"['active_energy', 'workout_duration', 'steps']"
4966,"['active_energy', 'steps', 'workout_duration']"
4967,"['active_energy', 'workout_duration', 'steps']"
4968,"['workout_duration', 'active_energy', 'steps']"
4969,"['active_energy', 'workout_duration', 'steps']"
4970,"['workout_duration', 'active_energy', 'avg_hr']"
4971,"['workout_duration', 'active_energy', 'resting_hr']"
4972,"['workout_duration', 'active_energy', 'distance']"
4973,"['avg_hr', 'workout_duration', 'active_energy']"
4974,"['workout_duration', 'active_energy', 'steps']"
4975,"['workout_duration', 'avg_hr', 'active_energy']"
4976,"['active_energy', 'workout_duration', 'avg_hr']"
4977,"['workout_duration', 'sleep_duration', 'active_energy']"
4978,"['active_energy', 'workout_duration', 'avg_hr']"
4979,"['workout_duration', 'avg_hr', 'exercise_time']"
4980,"['workout_duration', 'avg_hr', 'active_energy']"
4981,"['workout_duration', 'active_energy', 'sleep_duration']"
4982,"['workout_duration', 'active_energy', 'avg_hr']"
4983,"['workout_duration', 'avg_hr', 'active_energy']"
4984,"['active_energy', 'workout_duration', 'distance']"
4985,"['active_energy', 'workout_duration', 'steps']"
4986,"['workout_duration', 'avg_hr', 'active_energy']"
4987,"['active_energy', 'workout_duration', 'steps']"
4988,"['active_energy', 'workout_duration', 'distance']"
4989,"['avg_hr', 'workout_duration', 'resting_hr']"
4990,"['active_energy', 'workout_duration', 'exercise_time']"
4991,"['active_energy', 'avg_hr', 'workout_duration']"
4992,"['workout_duration', 'active_energy', 'avg_hr']"
4993,"['workout_duration', 'sleep_duration', 'distance']"
4994,"['active_energy', 'workout_duration', 'resting_hr']"
4995,"['workout_duration', 'active_energy', 'sleep_duration']"
4996,"['workout_duration', 'avg_hr', 'active_energy']"
4997,"['avg_hr', 'distance', 'workout_duration']"
4998,"['workout_duration', 'active_energy', 'distance']"
4999,"['active_energy', 'workout_duration', 'steps']"
5000,"['avg_hr', 'workout_duration', 'steps']"
